replicate,C_W_1,treatment_bd,treatment_id,t_exp_G42,t_exp_G46,dt_mt,wetmass_G42_mg,wetmass_G46_mg,num_sample
1,0.0,uninfected,1,40.0,46.0,6.0,264.1866493284993,123.09235997354763,1
2,0.0,uninfected,1,38.0,43.0,5.0,265.0534671001942,138.1312589213004,1
3,0.0,uninfected,1,34.0,39.0,5.0,269.3992599434339,151.93342624224383,1
4,0.0,uninfected,1,39.0,44.0,5.0,263.187325272456,129.38377216081392,1
5,0.0,uninfected,1,33.0,38.0,5.0,269.7806754557972,167.1124096745251,1
6,0.0,uninfected,1,37.0,42.0,5.0,266.5298149826865,147.46106505493194,1
7,0.0,uninfected,1,38.0,43.0,5.0,265.34239125861234,142.60994750909114,1
8,0.0,uninfected,1,44.0,49.0,5.0,258.6249459715046,133.9587463008981,1
9,0.0,uninfected,1,44.0,49.0,5.0,259.22831139589164,138.71621092893858,1
10,0.0,uninfected,1,38.0,43.0,5.0,265.4279700549629,144.13628074809702,1
1,0.0,uninfected,1,36.0,41.0,5.0,275.32437746358795,148.95890318799994,2
2,0.0,uninfected,1,37.0,42.0,5.0,273.6381765807216,137.88653491748727,2
3,0.0,uninfected,1,40.0,45.0,5.0,271.7577647158953,157.4996421156433,2
4,0.0,uninfected,1,35.0,40.0,5.0,276.19746597620633,169.7300400903153,2
5,0.0,uninfected,1,39.0,44.0,5.0,271.816160588701,141.98399871621973,2
6,0.0,uninfected,1,40.0,45.0,5.0,271.37480695173053,149.9131641700763,2
7,0.0,uninfected,1,44.0,49.0,5.0,267.3333429721905,147.41760324032154,2
8,0.0,uninfected,1,37.0,42.0,5.0,273.66089524388894,138.1794979857608,2
9,0.0,uninfected,1,40.0,45.0,5.0,270.9654045256486,144.15252202527577,2
10,0.0,uninfected,1,35.0,40.0,5.0,276.4440209299669,157.40837722434784,2
1,0.0,uninfected,1,40.0,45.0,5.0,258.1804615114493,127.34248024374143,3
2,0.0,uninfected,1,41.0,46.0,5.0,259.23802264926564,152.06319476830288,3
3,0.0,uninfected,1,40.0,45.0,5.0,260.1008882915348,152.5648111227775,3
4,0.0,uninfected,1,34.0,39.0,5.0,264.929459136696,164.53867866909212,3
5,0.0,uninfected,1,39.0,44.0,5.0,260.37741757386294,139.7583853369327,3
6,0.0,uninfected,1,45.0,50.0,5.0,253.34031207054275,128.7424722555467,3
7,0.0,uninfected,1,40.0,45.0,5.0,259.27029528044335,137.865519283988,3
8,0.0,uninfected,1,42.0,48.0,6.0,258.64729394534453,121.32437948468487,3
9,0.0,uninfected,1,43.0,48.0,5.0,255.74092662993684,131.91108270545797,3
10,0.0,uninfected,1,34.0,39.0,5.0,265.25613801002675,139.37010111532547,3
1,0.0,uninfected,1,39.0,45.0,6.0,265.96009662507873,124.22543480252115,4
2,0.0,uninfected,1,39.0,44.0,5.0,265.71566703193065,150.20181695006667,4
3,0.0,uninfected,1,32.0,37.0,5.0,272.20202824491423,155.1352097019804,4
4,0.0,uninfected,1,38.0,44.0,6.0,266.7369686853745,126.76460004834163,4
5,0.0,uninfected,1,39.0,44.0,5.0,264.1603577421559,129.90274185866596,4
6,0.0,uninfected,1,46.0,52.0,6.0,259.5653965507681,113.23267102688945,4
7,0.0,uninfected,1,38.0,43.0,5.0,266.8175244574793,159.79500874790642,4
8,0.0,uninfected,1,37.0,43.0,6.0,267.6309567350619,121.1461062121488,4
9,0.0,uninfected,1,34.0,39.0,5.0,269.8270853002994,131.1949399514654,4
10,0.0,uninfected,1,40.0,46.0,6.0,265.1173526903569,120.10045749471328,4
1,0.0,uninfected,1,41.0,47.0,6.0,258.1839566994012,120.05157615226756,5
2,0.0,uninfected,1,36.0,41.0,5.0,262.2217883569592,146.44893860809162,5
3,0.0,uninfected,1,41.0,46.0,5.0,257.33721047148805,140.22738605960143,5
4,0.0,uninfected,1,37.0,42.0,5.0,261.09033936182686,140.08027511301705,5
5,0.0,uninfected,1,41.0,46.0,5.0,257.5803343187565,143.54426012637666,5
6,0.0,uninfected,1,43.0,48.0,5.0,254.1008275456894,128.25677512354727,5
7,0.0,uninfected,1,36.0,41.0,5.0,262.2409879578727,157.28032193542435,5
8,0.0,uninfected,1,39.0,44.0,5.0,258.01879456774384,127.00872544501468,5
9,0.0,uninfected,1,39.0,44.0,5.0,258.2839487925654,129.4338960670991,5
10,0.0,uninfected,1,36.0,41.0,5.0,262.2292444790095,146.0790994466224,5
1,0.0,uninfected,1,42.0,47.0,5.0,259.8331339431865,128.13943985196954,6
2,0.0,uninfected,1,44.0,50.0,6.0,260.3095514410312,111.42048975492126,6
3,0.0,uninfected,1,43.0,48.0,5.0,259.8342441439534,135.7931129363429,6
4,0.0,uninfected,1,43.0,48.0,5.0,260.3132333700705,139.97348868777158,6
5,0.0,uninfected,1,41.0,46.0,5.0,263.10063289647064,152.9982565321459,6
6,0.0,uninfected,1,41.0,46.0,5.0,262.1461915334849,139.09856162994865,6
7,0.0,uninfected,1,37.0,42.0,5.0,266.6146871332456,150.49768759419058,6
8,0.0,uninfected,1,36.0,41.0,5.0,266.71590470809736,132.2998691281192,6
9,0.0,uninfected,1,37.0,42.0,5.0,265.1003904864801,126.77960002490374,6
10,0.0,uninfected,1,39.0,44.0,5.0,263.2893241789773,130.2652089217739,6
1,0.0,uninfected,1,46.0,51.0,5.0,246.53402791310273,139.40219597904664,7
2,0.0,uninfected,1,36.0,42.0,6.0,255.1371085376899,118.71811610910041,7
3,0.0,uninfected,1,37.0,42.0,5.0,254.3362854588979,140.88840362413694,7
4,0.0,uninfected,1,41.0,46.0,5.0,249.19097470255687,123.66762081177714,7
5,0.0,uninfected,1,35.0,40.0,5.0,255.23124999737507,122.26207859409962,7
6,0.0,uninfected,1,39.0,44.0,5.0,252.73918012502546,144.8136886789865,7
7,0.0,uninfected,1,31.0,36.0,5.0,259.73718631485275,142.1671723219796,7
8,0.0,uninfected,1,36.0,41.0,5.0,255.23438598810145,155.30795268616782,7
9,0.0,uninfected,1,39.0,45.0,6.0,252.8838597807688,112.41578260050728,7
10,0.0,uninfected,1,44.0,49.0,5.0,246.3934130765834,124.42436246115783,7
1,0.0,uninfected,1,34.0,39.0,5.0,255.75802599609176,148.37999865037202,8
2,0.0,uninfected,1,32.0,36.0,4.0,257.07637767482174,161.49680344988408,8
3,0.0,uninfected,1,36.0,41.0,5.0,254.05449889235493,141.6725831353061,8
4,0.0,uninfected,1,34.0,39.0,5.0,255.6034317853818,153.90830164950347,8
5,0.0,uninfected,1,41.0,47.0,6.0,250.04180468603155,109.9900499021189,8
6,0.0,uninfected,1,38.0,43.0,5.0,252.45285040659118,147.48571457564415,8
7,0.0,uninfected,1,36.0,41.0,5.0,253.02715354795168,122.4397344756445,8
8,0.0,uninfected,1,38.0,43.0,5.0,252.46416014268596,147.64292031704193,8
9,0.0,uninfected,1,38.0,43.0,5.0,251.78867568217115,131.82419694048212,8
10,0.0,uninfected,1,39.0,44.0,5.0,251.67247860925733,148.63437412336614,8
1,0.0,uninfected,1,45.0,51.0,6.0,259.92453121678625,119.5132705212788,9
2,0.0,uninfected,1,38.0,43.0,5.0,265.6290089946401,148.4936057734612,9
3,0.0,uninfected,1,42.0,47.0,5.0,261.1303334828058,138.66090357836555,9
4,0.0,uninfected,1,41.0,46.0,5.0,261.1693889852661,130.33283901900327,9
5,0.0,uninfected,1,43.0,48.0,5.0,261.1220304292358,149.13215271282812,9
6,0.0,uninfected,1,34.0,39.0,5.0,269.01460232766163,166.17816773530168,9
7,0.0,uninfected,1,42.0,47.0,5.0,260.674594503144,134.52590879041713,9
8,0.0,uninfected,1,41.0,47.0,6.0,263.3702953041745,124.72479857150411,9
9,0.0,uninfected,1,39.0,44.0,5.0,264.09100092254914,138.6554464571751,9
10,0.0,uninfected,1,41.0,46.0,5.0,262.19921629151196,139.69023137824965,9
1,0.0,uninfected,1,38.0,43.0,5.0,270.7079190292356,160.07295943350195,10
2,0.0,uninfected,1,36.0,41.0,5.0,271.1656740979943,129.29818698182834,10
3,0.0,uninfected,1,42.0,48.0,6.0,267.37148932371815,127.19310671860697,10
4,0.0,uninfected,1,35.0,40.0,5.0,273.24343112212136,144.505234946244,10
5,0.0,uninfected,1,44.0,50.0,6.0,265.3450137173149,118.35900723549416,10
6,0.0,uninfected,1,44.0,50.0,6.0,265.1335423156493,114.68207328772066,10
7,0.0,uninfected,1,37.0,42.0,5.0,270.45573354358015,133.9552305916256,10
8,0.0,uninfected,1,40.0,45.0,5.0,268.57011154025713,150.3924022778779,10
9,0.0,uninfected,1,38.0,43.0,5.0,270.54606843666096,152.59922773156674,10
10,0.0,uninfected,1,39.0,45.0,6.0,269.83114966612607,128.52880189464153,10
1,0.0,uninfected,1,35.0,40.0,5.0,292.34690402604235,169.64269111174002,11
2,0.0,uninfected,1,34.0,39.0,5.0,293.253323543459,173.83774968109032,11
3,0.0,uninfected,1,46.0,52.0,6.0,281.83106764983444,130.40306246103273,11
4,0.0,uninfected,1,38.0,43.0,5.0,289.37322598422094,171.33456731946714,11
5,0.0,uninfected,1,36.0,42.0,6.0,291.12184264127484,135.63983381496908,11
6,0.0,uninfected,1,56.0,61.0,5.0,269.9601844289538,144.6161395758083,11
7,0.0,uninfected,1,44.0,50.0,6.0,283.35211874086,123.6076346534008,11
8,0.0,uninfected,1,47.0,52.0,5.0,278.73230236074016,149.59492776947536,11
9,0.0,uninfected,1,42.0,47.0,5.0,285.24481011154734,164.78741734850047,11
10,0.0,uninfected,1,44.0,49.0,5.0,281.8991801880053,149.8832054474205,11
1,0.0,uninfected,1,37.0,42.0,5.0,267.4396113065129,137.60863018223202,12
2,0.0,uninfected,1,38.0,43.0,5.0,265.5590521486959,128.6467829954248,12
3,0.0,uninfected,1,40.0,45.0,5.0,265.3748343526904,153.01757176236777,12
4,0.0,uninfected,1,42.0,48.0,6.0,264.00407741568785,126.50856549307635,12
5,0.0,uninfected,1,36.0,41.0,5.0,268.6929249964503,141.29507490278263,12
6,0.0,uninfected,1,43.0,48.0,5.0,261.1901560278588,136.07021689591284,12
7,0.0,uninfected,1,45.0,51.0,6.0,261.50467618716175,123.9798103144668,12
8,0.0,uninfected,1,36.0,41.0,5.0,268.71420528944566,141.75782731127254,12
9,0.0,uninfected,1,45.0,50.0,5.0,259.9485914303261,141.70171756261945,12
10,0.0,uninfected,1,41.0,46.0,5.0,262.71494664692233,131.9786737673581,12
1,0.0,uninfected,1,34.0,39.0,5.0,293.40318268824745,162.51609273054714,13
2,0.0,uninfected,1,48.0,54.0,6.0,280.1855614744206,133.97485359452145,13
3,0.0,uninfected,1,37.0,43.0,6.0,290.3253895792449,130.5321194518015,13
4,0.0,uninfected,1,37.0,42.0,5.0,290.3409831045906,168.368953727779,13
5,0.0,uninfected,1,43.0,48.0,5.0,283.24356292811325,152.4102772767813,13
6,0.0,uninfected,1,37.0,42.0,5.0,290.1284128119596,159.00493724170153,13
7,0.0,uninfected,1,38.0,43.0,5.0,288.13772224961787,145.29331019555772,13
8,0.0,uninfected,1,37.0,42.0,5.0,290.3410372826896,174.38495191820624,13
9,0.0,uninfected,1,39.0,44.0,5.0,288.2640823703693,165.26155340915838,13
10,0.0,uninfected,1,36.0,41.0,5.0,291.3380956230459,166.0733846354413,13
1,0.0,uninfected,1,42.0,48.0,6.0,262.4558127408383,119.48314608729636,14
2,0.0,uninfected,1,37.0,43.0,6.0,266.6601813332494,120.525517819971,14
3,0.0,uninfected,1,41.0,46.0,5.0,262.3450158730823,141.28007272164888,14
4,0.0,uninfected,1,40.0,46.0,6.0,264.18544143649234,123.21530109843825,14
5,0.0,uninfected,1,37.0,42.0,5.0,266.54335387516005,147.95287854800085,14
6,0.0,uninfected,1,39.0,44.0,5.0,264.58595150404403,146.1339827529434,14
7,0.0,uninfected,1,40.0,45.0,5.0,263.9460651835652,152.22088446294745,14
8,0.0,uninfected,1,39.0,44.0,5.0,264.9432652111967,155.98717015534478,14
9,0.0,uninfected,1,40.0,45.0,5.0,262.19730821259253,130.12316449769588,14
10,0.0,uninfected,1,44.0,50.0,6.0,260.52550378807604,114.77786646287812,14
1,0.0,uninfected,1,39.0,44.0,5.0,248.04540757876777,129.85812995717757,15
2,0.0,uninfected,1,38.0,43.0,5.0,249.09337392916737,131.63836041364016,15
3,0.0,uninfected,1,46.0,51.0,5.0,240.70739962127104,122.39248252935558,15
4,0.0,uninfected,1,37.0,42.0,5.0,250.49254088617093,149.18492809986572,15
5,0.0,uninfected,1,37.0,42.0,5.0,250.4125954756619,141.3545428191003,15
6,0.0,uninfected,1,37.0,42.0,5.0,249.38402042797577,123.02674401900101,15
7,0.0,uninfected,1,40.0,45.0,5.0,246.91079256157622,127.50398097862701,15
8,0.0,uninfected,1,39.0,44.0,5.0,247.88358195168172,127.94681077266736,15
9,0.0,uninfected,1,33.0,38.0,5.0,253.75230871519017,146.00693524620584,15
10,0.0,uninfected,1,47.0,53.0,6.0,242.81788497723903,113.03001704568781,15
1,0.0,uninfected,1,45.0,50.0,5.0,258.3433656052335,139.1933055181062,16
2,0.0,uninfected,1,36.0,41.0,5.0,266.46326583254705,129.21724245012547,16
3,0.0,uninfected,1,38.0,44.0,6.0,265.791430550175,124.49919146617943,16
4,0.0,uninfected,1,44.0,50.0,6.0,260.50618174925603,114.46289726747473,16
5,0.0,uninfected,1,41.0,46.0,5.0,262.70797025223004,145.95088320186704,16
6,0.0,uninfected,1,37.0,42.0,5.0,266.03040594737905,137.43909368371547,16
7,0.0,uninfected,1,31.0,36.0,5.0,272.08091958365316,155.3221495211388,16
8,0.0,uninfected,1,39.0,44.0,5.0,263.3592805582152,130.91395022298,16
9,0.0,uninfected,1,45.0,50.0,5.0,258.0739188686988,137.0499465885226,16
10,0.0,uninfected,1,35.0,40.0,5.0,268.4064286764686,145.8766435306173,16
1,0.0,uninfected,1,44.0,49.0,5.0,256.07886088907367,137.70331780090592,17
2,0.0,uninfected,1,35.0,41.0,6.0,264.8390695382257,121.30992162432909,17
3,0.0,uninfected,1,39.0,44.0,5.0,261.05211007206447,140.72714169449864,17
4,0.0,uninfected,1,39.0,44.0,5.0,261.2838133401644,144.8232495101003,17
5,0.0,uninfected,1,38.0,43.0,5.0,261.9086383189898,139.14739516386268,17
6,0.0,uninfected,1,40.0,45.0,5.0,260.72240002035284,152.44477464704815,17
7,0.0,uninfected,1,36.0,41.0,5.0,264.19065647735425,156.37578481105618,17
8,0.0,uninfected,1,40.0,45.0,5.0,259.04608140668427,129.57838676787136,17
9,0.0,uninfected,1,35.0,40.0,5.0,264.9505531188711,141.19467387213214,17
10,0.0,uninfected,1,39.0,44.0,5.0,261.51469246066677,150.27624781945062,17
1,0.0,uninfected,1,36.0,41.0,5.0,267.5174123344421,161.11482798727903,18
2,0.0,uninfected,1,37.0,42.0,5.0,266.67922123309535,155.3535992716549,18
3,0.0,uninfected,1,37.0,42.0,5.0,266.6728989763981,160.8894023317067,18
4,0.0,uninfected,1,47.0,52.0,5.0,256.7936918287465,141.37929198557495,18
5,0.0,uninfected,1,36.0,41.0,5.0,267.2308836546242,140.70545031726004,18
6,0.0,uninfected,1,40.0,45.0,5.0,264.0413810324474,155.0200298150699,18
7,0.0,uninfected,1,34.0,39.0,5.0,269.4133831811212,148.74446584481836,18
8,0.0,uninfected,1,33.0,38.0,5.0,270.08251554315535,161.08428531010128,18
9,0.0,uninfected,1,40.0,45.0,5.0,262.2877772131251,130.873878864493,18
10,0.0,uninfected,1,36.0,41.0,5.0,267.3985964338161,144.88168144879063,18
1,0.0,uninfected,1,38.0,43.0,5.0,270.45995430446425,150.2333435540417,19
2,0.0,uninfected,1,36.0,41.0,5.0,272.49653438003605,156.0181879126669,19
3,0.0,uninfected,1,42.0,48.0,6.0,267.19154735180297,119.8661385365404,19
4,0.0,uninfected,1,32.0,37.0,5.0,276.3962884618702,144.8517033800364,19
5,0.0,uninfected,1,40.0,45.0,5.0,268.871321037725,157.38899929285475,19
6,0.0,uninfected,1,31.0,36.0,5.0,276.59096800714997,167.74944677820773,19
7,0.0,uninfected,1,42.0,48.0,6.0,267.1323322005013,118.13393065438608,19
8,0.0,uninfected,1,38.0,43.0,5.0,270.6987890454259,159.36023956422926,19
9,0.0,uninfected,1,48.0,53.0,5.0,260.4867837280401,143.55679401668306,19
10,0.0,uninfected,1,38.0,43.0,5.0,270.5880704552557,153.79730250266437,19
1,0.0,uninfected,1,37.0,42.0,5.0,274.54845748317587,135.20370189617935,20
2,0.0,uninfected,1,37.0,42.0,5.0,275.4439241496586,148.1747417321751,20
3,0.0,uninfected,1,38.0,43.0,5.0,274.29921388370207,145.99524151035394,20
4,0.0,uninfected,1,36.0,41.0,5.0,276.64580260811954,153.80076461862595,20
5,0.0,uninfected,1,40.0,45.0,5.0,272.87193028238534,156.33602888952493,20
6,0.0,uninfected,1,36.0,41.0,5.0,276.7088956959424,161.7209291561411,20
7,0.0,uninfected,1,35.0,40.0,5.0,277.5226499644425,148.19871689721026,20
8,0.0,uninfected,1,40.0,46.0,6.0,273.0505040431248,119.9677988676182,20
9,0.0,uninfected,1,36.0,41.0,5.0,275.99639290874114,139.12733956044627,20
10,0.0,uninfected,1,41.0,46.0,5.0,271.1204459543782,144.66853673806003,20
1,0.0,uninfected,1,39.0,44.0,5.0,264.01111410825985,137.72265181458295,21
2,0.0,uninfected,1,41.0,46.0,5.0,262.9818949049561,150.41170580741397,21
3,0.0,uninfected,1,47.0,53.0,6.0,258.3247393700579,120.66968471441406,21
4,0.0,uninfected,1,42.0,48.0,6.0,262.58492830591047,125.70920347281613,21
5,0.0,uninfected,1,42.0,48.0,6.0,262.5972843139486,127.96445429799081,21
6,0.0,uninfected,1,38.0,43.0,5.0,264.2938358122094,129.58094525024117,21
7,0.0,uninfected,1,37.0,42.0,5.0,266.16836798038497,139.703601344239,21
8,0.0,uninfected,1,38.0,43.0,5.0,265.6690904888087,149.74429616103066,21
9,0.0,uninfected,1,43.0,49.0,6.0,261.4891830903873,116.47089574840024,21
10,0.0,uninfected,1,34.0,39.0,5.0,269.0187000952885,134.16334823879197,21
1,0.0,uninfected,1,38.0,43.0,5.0,251.85792104799037,133.02824272269467,22
2,0.0,uninfected,1,35.0,40.0,5.0,254.2707499128665,125.15115107188754,22
3,0.0,uninfected,1,38.0,44.0,6.0,252.4764107316184,115.1744141203643,22
4,0.0,uninfected,1,36.0,41.0,5.0,254.08650549991393,145.1871242660907,22
5,0.0,uninfected,1,42.0,48.0,6.0,249.29693793428092,112.07724505182392,22
6,0.0,uninfected,1,35.0,40.0,5.0,254.6354913015972,131.77583382429884,22
7,0.0,uninfected,1,38.0,44.0,6.0,252.39748575110195,120.10085725974508,22
8,0.0,uninfected,1,40.0,46.0,6.0,250.91169437288536,113.41304733125887,22
9,0.0,uninfected,1,42.0,47.0,5.0,247.97074115700454,130.64416531958094,22
10,0.0,uninfected,1,38.0,43.0,5.0,252.4777870910574,149.90584890864193,22
1,0.0,uninfected,1,44.0,50.0,6.0,260.98294073012187,125.54035855344819,23
2,0.0,uninfected,1,34.0,39.0,5.0,269.26164846955595,139.8534915273214,23
3,0.0,uninfected,1,34.0,39.0,5.0,269.1652260104182,162.73764471878022,23
4,0.0,uninfected,1,43.0,48.0,5.0,260.24109708094807,139.2837660790779,23
5,0.0,uninfected,1,39.0,45.0,6.0,264.9884563378487,124.88888594919933,23
6,0.0,uninfected,1,38.0,44.0,6.0,265.8165311067271,122.35590140795333,23
7,0.0,uninfected,1,33.0,38.0,5.0,270.269566327692,138.8316606858681,23
8,0.0,uninfected,1,42.0,47.0,5.0,261.5497963869941,143.03290424939442,23
9,0.0,uninfected,1,61.0,67.0,6.0,245.7358194746552,107.02628409251622,23
10,0.0,uninfected,1,42.0,48.0,6.0,262.28463860233165,114.83721570227874,23
1,0.0,uninfected,1,42.0,47.0,5.0,258.15522574980156,127.772679505913,24
2,0.0,uninfected,1,35.0,40.0,5.0,265.44046576784416,124.38525535982137,24
3,0.0,uninfected,1,40.0,45.0,5.0,262.0617123954277,148.67570518884645,24
4,0.0,uninfected,1,39.0,44.0,5.0,263.10467369479517,152.74317225467618,24
5,0.0,uninfected,1,37.0,42.0,5.0,263.5115223395671,127.96445020452425,24
6,0.0,uninfected,1,38.0,43.0,5.0,263.1469651928693,135.76589002498386,24
7,0.0,uninfected,1,39.0,44.0,5.0,262.16602563128833,136.08301669963015,24
8,0.0,uninfected,1,38.0,43.0,5.0,263.27495473820494,137.4160175569076,24
9,0.0,uninfected,1,38.0,43.0,5.0,264.02553632512064,158.36354298996062,24
10,0.0,uninfected,1,34.0,39.0,5.0,267.57877484391184,147.78879438089524,24
1,0.0,uninfected,1,44.0,50.0,6.0,258.54831729202,116.18318033274544,25
2,0.0,uninfected,1,39.0,44.0,5.0,262.10486019206814,139.74031979266627,25
3,0.0,uninfected,1,37.0,42.0,5.0,264.4670929161269,150.65493454636527,25
4,0.0,uninfected,1,40.0,46.0,6.0,262.0070266643202,119.27446343845047,25
5,0.0,uninfected,1,42.0,47.0,5.0,259.30699853997123,140.51440510362116,25
6,0.0,uninfected,1,44.0,49.0,5.0,257.68795803648976,142.7773795153382,25
7,0.0,uninfected,1,39.0,44.0,5.0,262.43159975823846,145.09730105082332,25
8,0.0,uninfected,1,39.0,44.0,5.0,260.9557292915129,127.587727891632,25
9,0.0,uninfected,1,35.0,40.0,5.0,266.251119829136,155.80800955205873,25
10,0.0,uninfected,1,38.0,43.0,5.0,263.6470617784825,155.11581742571192,25
1,0.0,uninfected,1,42.0,48.0,6.0,249.36704892618266,114.38136029315822,26
2,0.0,uninfected,1,41.0,46.0,5.0,249.3375402161432,135.65926100569007,26
3,0.0,uninfected,1,36.0,41.0,5.0,253.36859804798672,126.85973593426753,26
4,0.0,uninfected,1,41.0,46.0,5.0,248.83545091179477,130.15936584056521,26
5,0.0,uninfected,1,42.0,47.0,5.0,248.13564710891643,132.23980702029985,26
6,0.0,uninfected,1,43.0,49.0,6.0,248.31897776990718,108.27053511147376,26
7,0.0,uninfected,1,40.0,45.0,5.0,248.87496383416976,122.11279093101386,26
8,0.0,uninfected,1,45.0,50.0,5.0,246.28104747867553,139.5832805939236,26
9,0.0,uninfected,1,44.0,50.0,6.0,247.92220067025437,117.44703341749567,26
10,0.0,uninfected,1,36.0,41.0,5.0,254.05295330987957,152.5165587020049,26
1,0.0,uninfected,1,40.0,45.0,5.0,235.12494947249434,128.6014456467663,27
2,0.0,uninfected,1,36.0,41.0,5.0,238.5908662545668,137.63806552681066,27
3,0.0,uninfected,1,39.0,44.0,5.0,235.4009707285485,121.54309705325838,27
4,0.0,uninfected,1,38.0,43.0,5.0,236.2734462494239,121.37337476175573,27
5,0.0,uninfected,1,52.0,58.0,6.0,227.86128140807875,106.63798551732206,27
6,0.0,uninfected,1,41.0,46.0,5.0,234.5075697538669,131.2867316638404,27
7,0.0,uninfected,1,39.0,44.0,5.0,235.72973929293823,125.6067296980278,27
8,0.0,uninfected,1,48.0,53.0,5.0,227.50303148425326,118.86176660128659,27
9,0.0,uninfected,1,36.0,41.0,5.0,237.90785386830393,119.26894328972655,27
10,0.0,uninfected,1,39.0,44.0,5.0,236.2797852639065,136.2624602603487,27
1,0.0,uninfected,1,33.0,38.0,5.0,293.86766514423994,181.48254730982475,28
2,0.0,uninfected,1,36.0,41.0,5.0,290.331218040595,142.78139001238867,28
3,0.0,uninfected,1,39.0,44.0,5.0,286.4572885723384,140.63205918559441,28
4,0.0,uninfected,1,44.0,49.0,5.0,281.47723256836196,146.57797354066727,28
5,0.0,uninfected,1,38.0,43.0,5.0,287.759391426325,141.40194296557746,28
6,0.0,uninfected,1,41.0,47.0,6.0,286.51998019928504,129.43054694938402,28
7,0.0,uninfected,1,38.0,43.0,5.0,287.58460763312615,139.7893713458848,28
8,0.0,uninfected,1,37.0,42.0,5.0,289.53175616180044,148.03638483237714,28
9,0.0,uninfected,1,38.0,43.0,5.0,289.37926582419016,171.36986580889837,28
10,0.0,uninfected,1,34.0,39.0,5.0,293.3163481126117,170.97800066240623,28
1,0.0,uninfected,1,40.0,45.0,5.0,257.67802335193085,148.62131741862675,29
2,0.0,uninfected,1,42.0,47.0,5.0,255.28325088686694,138.99413689236877,29
3,0.0,uninfected,1,38.0,43.0,5.0,259.27383129507484,144.5773520241105,29
4,0.0,uninfected,1,36.0,41.0,5.0,261.04726665577846,142.65620670877232,29
5,0.0,uninfected,1,42.0,47.0,5.0,255.948948217948,148.0908902433731,29
6,0.0,uninfected,1,41.0,46.0,5.0,256.6819085071169,145.86210188086577,29
7,0.0,uninfected,1,54.0,60.0,6.0,246.32508011811169,107.83465134255518,29
8,0.0,uninfected,1,36.0,41.0,5.0,261.1699859097065,153.6453186427363,29
9,0.0,uninfected,1,38.0,43.0,5.0,259.3353162732387,146.17628497556754,29
10,0.0,uninfected,1,39.0,44.0,5.0,258.18382018845693,141.04028840641874,29
1,0.0,uninfected,1,34.0,39.0,5.0,264.8833054755569,156.3962303394163,30
2,0.0,uninfected,1,38.0,43.0,5.0,261.4057736089124,149.2449882195186,30
3,0.0,uninfected,1,38.0,43.0,5.0,261.0090205059507,139.8560320415345,30
4,0.0,uninfected,1,40.0,45.0,5.0,258.6831345480888,134.83525971740016,30
5,0.0,uninfected,1,44.0,49.0,5.0,255.8593250449842,144.4637598976991,30
6,0.0,uninfected,1,36.0,41.0,5.0,262.6192913213322,133.7532848499974,30
7,0.0,uninfected,1,39.0,45.0,6.0,260.6929525332704,121.69914467176224,30
8,0.0,uninfected,1,46.0,52.0,6.0,254.17154729616684,107.66241582032592,30
9,0.0,uninfected,1,38.0,43.0,5.0,261.2725604044975,145.2948341250193,30
10,0.0,uninfected,1,45.0,50.0,5.0,253.2552565773329,130.13529346368662,30
1,0.0,uninfected,1,35.0,41.0,6.0,268.16040817095427,124.50647020457596,31
2,0.0,uninfected,1,44.0,49.0,5.0,258.5595270869714,133.5078357908142,31
3,0.0,uninfected,1,42.0,48.0,6.0,262.3277107770831,115.8153086995754,31
4,0.0,uninfected,1,44.0,49.0,5.0,259.8335394501815,144.40715727009368,31
5,0.0,uninfected,1,35.0,40.0,5.0,268.45703012677706,156.49301212449222,31
6,0.0,uninfected,1,43.0,49.0,6.0,261.7820260814688,125.97837669637232,31
7,0.0,uninfected,1,36.0,41.0,5.0,267.5696916614819,155.30863362680944,31
8,0.0,uninfected,1,35.0,40.0,5.0,268.3673770113916,144.29788856523368,31
9,0.0,uninfected,1,38.0,43.0,5.0,265.6743427620136,149.84375329370613,31
10,0.0,uninfected,1,38.0,43.0,5.0,265.1842571141404,140.18761281927857,31
1,0.0,uninfected,1,36.0,41.0,5.0,255.51975364403,125.77184965836437,32
2,0.0,uninfected,1,36.0,41.0,5.0,255.37004145441531,124.02626547931895,32
3,0.0,uninfected,1,41.0,46.0,5.0,251.82641390737228,139.95929546128932,32
4,0.0,uninfected,1,39.0,45.0,6.0,253.99295387402614,116.05717671766105,32
5,0.0,uninfected,1,32.0,37.0,5.0,259.8744015102773,146.58398996733246,32
6,0.0,uninfected,1,33.0,38.0,5.0,258.63658600533387,157.22983760545864,32
7,0.0,uninfected,1,39.0,45.0,6.0,253.9906526791096,114.30538946387979,32
8,0.0,uninfected,1,40.0,46.0,6.0,253.22896180219988,117.94722005569406,32
9,0.0,uninfected,1,38.0,44.0,6.0,254.76456184254653,116.79728996406021,32
10,0.0,uninfected,1,31.0,36.0,5.0,260.9059183599516,128.9620739261348,32
1,0.0,uninfected,1,39.0,44.0,5.0,278.2108081285191,158.40898681652516,33
2,0.0,uninfected,1,39.0,44.0,5.0,277.8302041420448,150.84721296738863,33
3,0.0,uninfected,1,42.0,47.0,5.0,275.1046354968614,154.75714061417318,33
4,0.0,uninfected,1,48.0,53.0,5.0,267.2305329337205,138.6240814304126,33
5,0.0,uninfected,1,41.0,46.0,5.0,276.43349364049294,161.61458631231284,33
6,0.0,uninfected,1,35.0,40.0,5.0,282.0589182693214,168.16077262271986,33
7,0.0,uninfected,1,39.0,44.0,5.0,278.14938740594545,156.88374051680205,33
8,0.0,uninfected,1,35.0,40.0,5.0,281.56336480196205,140.5248374523887,33
9,0.0,uninfected,1,37.0,42.0,5.0,280.1221334349922,156.74131386701748,33
10,0.0,uninfected,1,38.0,43.0,5.0,279.31202901968913,167.25305777670397,33
1,0.0,uninfected,1,38.0,43.0,5.0,265.11556009997975,139.00716566405777,34
2,0.0,uninfected,1,40.0,45.0,5.0,263.2695848972174,140.86611001368323,34
3,0.0,uninfected,1,42.0,47.0,5.0,261.9585259783871,148.33652649125756,34
4,0.0,uninfected,1,41.0,46.0,5.0,260.9099190788305,128.2750655536133,34
5,0.0,uninfected,1,39.0,45.0,6.0,264.99661265821726,122.69359380390051,34
6,0.0,uninfected,1,34.0,39.0,5.0,269.3985926846959,146.5342549495012,34
7,0.0,uninfected,1,37.0,43.0,6.0,266.63952936718823,121.94286558878456,34
8,0.0,uninfected,1,41.0,46.0,5.0,262.43160564050794,142.40922735105673,34
9,0.0,uninfected,1,38.0,43.0,5.0,265.80566569047596,155.5358830184016,34
10,0.0,uninfected,1,41.0,46.0,5.0,261.9244436079211,136.90140358614707,34
1,0.0,uninfected,1,41.0,46.0,5.0,251.70265246253513,134.18143027486613,35
2,0.0,uninfected,1,40.0,46.0,6.0,253.586216198967,117.78288741390055,35
3,0.0,uninfected,1,42.0,47.0,5.0,251.65977874208002,145.34035961306702,35
4,0.0,uninfected,1,52.0,58.0,6.0,243.95944468652502,106.33211909657068,35
5,0.0,uninfected,1,45.0,51.0,6.0,249.8398470383912,121.29231069878412,35
6,0.0,uninfected,1,41.0,46.0,5.0,251.67108649894763,133.84556304639375,35
7,0.0,uninfected,1,44.0,49.0,5.0,248.32018221329892,128.72246709644773,35
8,0.0,uninfected,1,33.0,38.0,5.0,258.88055071761926,159.8774163254168,35
9,0.0,uninfected,1,45.0,51.0,6.0,249.2334347431207,109.18795615771138,35
10,0.0,uninfected,1,40.0,45.0,5.0,252.26586500771324,130.18779019675563,35
1,0.0,uninfected,1,40.0,45.0,5.0,272.00609610307,143.09677214210325,36
2,0.0,uninfected,1,46.0,51.0,5.0,265.74484663221153,141.3076793842104,36
3,0.0,uninfected,1,36.0,41.0,5.0,276.669751745483,165.14240389611814,36
4,0.0,uninfected,1,39.0,44.0,5.0,272.3745321849575,135.96286462231836,36
5,0.0,uninfected,1,41.0,47.0,6.0,272.1359470482435,119.9041463080058,36
6,0.0,uninfected,1,41.0,46.0,5.0,271.402810829225,148.04469280294123,36
7,0.0,uninfected,1,35.0,40.0,5.0,277.6197514085059,152.60358729989017,36
8,0.0,uninfected,1,37.0,42.0,5.0,274.7081161185471,137.00293375927947,36
9,0.0,uninfected,1,40.0,46.0,6.0,273.154756037319,128.3726695575483,36
10,0.0,uninfected,1,47.0,52.0,5.0,264.31873773562194,138.2959215739968,36
1,0.0,uninfected,1,45.0,51.0,6.0,269.0137185809404,132.07708641881447,37
2,0.0,uninfected,1,43.0,48.0,5.0,269.97619697311586,154.5798491407225,37
3,0.0,uninfected,1,38.0,44.0,6.0,274.8520456973329,127.16076447492514,37
4,0.0,uninfected,1,41.0,46.0,5.0,270.30343493761984,136.88673351229968,37
5,0.0,uninfected,1,45.0,51.0,6.0,268.86454787929125,127.27107388341967,37
6,0.0,uninfected,1,42.0,47.0,5.0,270.39361841179937,147.76692513321757,37
7,0.0,uninfected,1,40.0,46.0,6.0,273.12602385042993,123.86625047362404,37
8,0.0,uninfected,1,41.0,47.0,6.0,272.13728321808634,119.82870695272995,37
9,0.0,uninfected,1,35.0,40.0,5.0,277.65058071081097,160.0462216995869,37
10,0.0,uninfected,1,52.0,58.0,6.0,261.7601432708475,115.73555792748643,37
1,0.0,uninfected,1,45.0,50.0,5.0,263.00530106104026,141.36954605139593,38
2,0.0,uninfected,1,41.0,46.0,5.0,266.422229608028,136.59085399690517,38
3,0.0,uninfected,1,38.0,43.0,5.0,269.54471443304476,136.11374062882157,38
4,0.0,uninfected,1,38.0,43.0,5.0,270.7057227957311,160.64651287365714,38
5,0.0,uninfected,1,40.0,45.0,5.0,266.74452996554504,130.38417661800838,38
6,0.0,uninfected,1,35.0,41.0,6.0,273.08809414372365,127.14568862103201,38
7,0.0,uninfected,1,38.0,43.0,5.0,270.1912669278855,144.69379878318142,38
8,0.0,uninfected,1,39.0,44.0,5.0,269.0612237570458,142.93985287782422,38
9,0.0,uninfected,1,44.0,50.0,6.0,265.15388556251924,114.9278259552619,38
10,0.0,uninfected,1,40.0,45.0,5.0,268.04046283818656,142.7257581116443,38
1,0.0,uninfected,1,36.0,41.0,5.0,267.2142096985985,140.166792037278,39
2,0.0,uninfected,1,41.0,46.0,5.0,262.60773878549105,144.62200361103817,39
3,0.0,uninfected,1,36.0,41.0,5.0,267.46871892065735,146.7887478553842,39
4,0.0,uninfected,1,43.0,48.0,5.0,259.51462179778986,133.23496635629755,39
5,0.0,uninfected,1,41.0,46.0,5.0,262.7618371642128,146.9007016109379,39
6,0.0,uninfected,1,42.0,48.0,6.0,262.60376763002586,128.25828387071192,39
7,0.0,uninfected,1,38.0,44.0,6.0,265.7670031100757,125.58099154956132,39
8,0.0,uninfected,1,39.0,44.0,5.0,264.51496564215586,144.882994823609,39
9,0.0,uninfected,1,37.0,43.0,6.0,266.5686932202,124.9827728153564,39
10,0.0,uninfected,1,37.0,43.0,6.0,266.55199351438927,125.68995017033289,39
1,0.0,uninfected,1,39.0,44.0,5.0,272.60032948615634,138.0863392593536,40
2,0.0,uninfected,1,44.0,50.0,6.0,269.68577138630314,126.27460584911951,40
3,0.0,uninfected,1,40.0,45.0,5.0,272.25060010773325,146.06912200167108,40
4,0.0,uninfected,1,36.0,41.0,5.0,276.7088581359758,160.7805024932964,40
5,0.0,uninfected,1,35.0,40.0,5.0,276.91747333146736,135.94184346459565,40
6,0.0,uninfected,1,36.0,41.0,5.0,275.6342474122901,134.34703624126735,40
7,0.0,uninfected,1,36.0,42.0,6.0,276.50779156880947,128.6640309897497,40
8,0.0,uninfected,1,35.0,40.0,5.0,277.5770147075381,150.1385671866487,40
9,0.0,uninfected,1,36.0,41.0,5.0,276.5385217747504,150.10944088476174,40
10,0.0,uninfected,1,33.0,38.0,5.0,279.2375898014591,135.51224246343264,40
1,0.0,uninfected,1,38.0,44.0,6.0,265.1632859477077,125.80848049747188,41
2,0.0,uninfected,1,39.0,45.0,6.0,264.40713117508255,122.03766882981476,41
3,0.0,uninfected,1,45.0,50.0,5.0,257.15162636216854,134.17726593607242,41
4,0.0,uninfected,1,39.0,44.0,5.0,264.1144378832406,148.30212902963848,41
5,0.0,uninfected,1,34.0,39.0,5.0,268.8143627839017,148.597202301098,41
6,0.0,uninfected,1,41.0,46.0,5.0,262.5573671007379,153.52081261162743,41
7,0.0,uninfected,1,34.0,39.0,5.0,268.67365347776166,159.10930949124187,41
8,0.0,uninfected,1,49.0,54.0,5.0,252.58949519553747,129.54374919232862,41
9,0.0,uninfected,1,37.0,43.0,6.0,266.0711405404767,119.66205906623556,41
10,0.0,uninfected,1,36.0,41.0,5.0,266.65011307064293,140.51029554814895,41
1,0.0,uninfected,1,37.0,42.0,5.0,266.6813587065026,160.35359738118566,42
2,0.0,uninfected,1,33.0,38.0,5.0,270.0112281196741,162.60985688341654,42
3,0.0,uninfected,1,55.0,60.0,5.0,248.73664370177204,130.51402045387596,42
4,0.0,uninfected,1,41.0,46.0,5.0,262.84651362288434,148.16160049678575,42
5,0.0,uninfected,1,36.0,42.0,6.0,267.4231126204766,122.57345531627885,42
6,0.0,uninfected,1,41.0,47.0,6.0,263.38428648228364,127.56035756341716,42
7,0.0,uninfected,1,40.0,46.0,6.0,264.16066060000486,119.98407248038589,42
8,0.0,uninfected,1,49.0,55.0,6.0,256.9437761249851,124.6999725792002,42
9,0.0,uninfected,1,40.0,45.0,5.0,263.93347345863214,151.93597978688936,42
10,0.0,uninfected,1,40.0,45.0,5.0,264.02725668925405,154.32460824779432,42
1,0.0,uninfected,1,42.0,47.0,5.0,260.72166759091596,139.98137720261406,43
2,0.0,uninfected,1,39.0,44.0,5.0,263.8857023700662,143.82580260080027,43
3,0.0,uninfected,1,37.0,42.0,5.0,265.2335169015759,134.37402094655053,43
4,0.0,uninfected,1,38.0,44.0,6.0,265.2314356529415,122.07743379319064,43
5,0.0,uninfected,1,39.0,44.0,5.0,262.6503237561951,129.48038636003412,43
6,0.0,uninfected,1,35.0,40.0,5.0,267.709450021983,141.71095121522805,43
7,0.0,uninfected,1,43.0,48.0,5.0,259.5258853933186,137.77683612650063,43
8,0.0,uninfected,1,41.0,46.0,5.0,262.182955652476,146.44166533283874,43
9,0.0,uninfected,1,38.0,43.0,5.0,265.19257352782506,153.8990623407754,43
10,0.0,uninfected,1,38.0,43.0,5.0,264.3245324268133,135.9509807289097,43
1,0.0,uninfected,1,40.0,45.0,5.0,246.03977633301454,141.16493161401056,44
2,0.0,uninfected,1,39.0,44.0,5.0,246.8217250824458,140.21512824427066,44
3,0.0,uninfected,1,39.0,44.0,5.0,246.9094065053702,142.9089408656247,44
4,0.0,uninfected,1,36.0,41.0,5.0,248.4814265852392,122.43775289273434,44
5,0.0,uninfected,1,43.0,48.0,5.0,243.40800533237515,137.75024307443516,44
6,0.0,uninfected,1,35.0,40.0,5.0,250.04146943426775,151.1744147590724,44
7,0.0,uninfected,1,36.0,41.0,5.0,249.24871525970622,136.84971419657012,44
8,0.0,uninfected,1,36.0,41.0,5.0,249.2748437509971,137.85424283059723,44
9,0.0,uninfected,1,46.0,52.0,6.0,240.97890463949958,102.16687031645569,44
10,0.0,uninfected,1,40.0,45.0,5.0,245.76243717721437,135.91131039882688,44
1,0.0,uninfected,1,35.0,40.0,5.0,251.9156551101172,154.70928308392106,45
2,0.0,uninfected,1,39.0,44.0,5.0,248.78056399786485,142.59917321185233,45
3,0.0,uninfected,1,40.0,45.0,5.0,248.0707512615558,145.5972615687172,45
4,0.0,uninfected,1,40.0,46.0,6.0,248.19563363459753,118.07114112939924,45
5,0.0,uninfected,1,42.0,48.0,6.0,246.4642100678725,107.96811570881283,45
6,0.0,uninfected,1,43.0,49.0,6.0,245.93892040253448,114.98139086406131,45
7,0.0,uninfected,1,39.0,44.0,5.0,248.86363222595836,145.3493391836763,45
8,0.0,uninfected,1,42.0,47.0,5.0,245.29579880113468,129.54943083998901,45
9,0.0,uninfected,1,38.0,43.0,5.0,249.66832588218193,145.30008291125944,45
10,0.0,uninfected,1,36.0,42.0,6.0,251.1713645799756,114.93644204387525,45
1,0.0,uninfected,1,44.0,49.0,5.0,260.1668145716031,148.249301560293,46
2,0.0,uninfected,1,34.0,39.0,5.0,269.399771192203,152.76626188048206,46
3,0.0,uninfected,1,36.0,42.0,6.0,267.4183581497643,123.05833231461709,46
4,0.0,uninfected,1,34.0,39.0,5.0,269.0418396732914,165.68901311955193,46
5,0.0,uninfected,1,46.0,52.0,6.0,258.3784745865903,109.95204352011442,46
6,0.0,uninfected,1,43.0,49.0,6.0,261.5196183847814,117.42223216337649,46
7,0.0,uninfected,1,39.0,44.0,5.0,264.7987590720192,150.9286122769023,46
8,0.0,uninfected,1,38.0,43.0,5.0,265.83752451987846,159.21589023776332,46
9,0.0,uninfected,1,36.0,41.0,5.0,267.43172418555616,145.90751917534502,46
10,0.0,uninfected,1,44.0,50.0,6.0,260.3543360489726,112.22608040174741,46
1,0.0,uninfected,1,35.0,40.0,5.0,264.31875348876196,146.62071998791583,47
2,0.0,uninfected,1,37.0,42.0,5.0,262.51058278169,148.44874667229817,47
3,0.0,uninfected,1,36.0,41.0,5.0,263.3537025579589,160.4447953350785,47
4,0.0,uninfected,1,40.0,45.0,5.0,259.24070071719365,138.70367183617896,47
5,0.0,uninfected,1,40.0,46.0,6.0,260.1018732809178,118.1426021982022,47
6,0.0,uninfected,1,38.0,44.0,6.0,261.7203309884563,120.81969994015964,47
7,0.0,uninfected,1,44.0,49.0,5.0,254.41799738311616,130.09088098359402,47
8,0.0,uninfected,1,42.0,48.0,6.0,258.56922453970077,123.54883191455454,47
9,0.0,uninfected,1,37.0,42.0,5.0,262.57931999398306,157.17705510518826,47
10,0.0,uninfected,1,42.0,48.0,6.0,258.55954359723484,123.24172142835384,47
1,0.0,uninfected,1,32.0,37.0,5.0,287.7703103086908,162.63592779604383,48
2,0.0,uninfected,1,37.0,43.0,6.0,282.7838890366016,129.67331992643867,48
3,0.0,uninfected,1,36.0,41.0,5.0,283.7982828077545,163.4074342514514,48
4,0.0,uninfected,1,37.0,43.0,6.0,282.6904212878243,133.35853634639074,48
5,0.0,uninfected,1,41.0,46.0,5.0,278.75855995147714,158.21300800781827,48
6,0.0,uninfected,1,36.0,41.0,5.0,282.44604967372555,134.94672068643254,48
7,0.0,uninfected,1,43.0,48.0,5.0,275.9042555648899,147.91753879066218,48
8,0.0,uninfected,1,47.0,53.0,6.0,273.5072937868013,123.96398770265762,48
9,0.0,uninfected,1,47.0,53.0,6.0,273.49085487027924,123.72210330911824,48
10,0.0,uninfected,1,42.0,47.0,5.0,276.8702128377599,147.1338062935024,48
1,0.0,uninfected,1,35.0,40.0,5.0,281.43267155818484,138.56275554737147,49
2,0.0,uninfected,1,37.0,42.0,5.0,280.16015831959214,158.51036550511856,49
3,0.0,uninfected,1,42.0,47.0,5.0,273.2235884806779,136.5883693145708,49
4,0.0,uninfected,1,36.0,41.0,5.0,280.3920606105374,140.39033910221002,49
5,0.0,uninfected,1,41.0,47.0,6.0,276.5294035425431,122.54805933932828,49
6,0.0,uninfected,1,36.0,41.0,5.0,281.11937297157493,156.92428570670972,49
7,0.0,uninfected,1,41.0,46.0,5.0,275.8830305405814,152.0514093539235,49
8,0.0,uninfected,1,44.0,50.0,6.0,273.80983798516655,123.70171181271142,49
9,0.0,uninfected,1,41.0,46.0,5.0,276.1222387581861,155.69027723464123,49
10,0.0,uninfected,1,38.0,44.0,6.0,279.2580718206765,131.7580480222136,49
1,0.0,uninfected,1,40.0,46.0,6.0,248.17164636368804,112.26678080136422,50
2,0.0,uninfected,1,36.0,41.0,5.0,250.9604228594823,131.9236118353051,50
3,0.0,uninfected,1,38.0,43.0,5.0,249.2526650515369,134.06820804762404,50
4,0.0,uninfected,1,41.0,46.0,5.0,247.0902886874715,141.38849826599707,50
5,0.0,uninfected,1,38.0,44.0,6.0,249.70853038557848,111.49838431558219,50
6,0.0,uninfected,1,34.0,39.0,5.0,252.96626213647278,139.87175613716124,50
7,0.0,uninfected,1,39.0,44.0,5.0,248.60306653424817,138.24525202797454,50
8,0.0,uninfected,1,37.0,42.0,5.0,249.08798817852033,120.00928084082645,50
9,0.0,uninfected,1,39.0,44.0,5.0,248.67221563490864,139.89097137093134,50
10,0.0,uninfected,1,38.0,44.0,6.0,249.70679409558937,113.14043917210651,50
1,0.0,uninfected,1,40.0,45.0,5.0,265.44761627671505,154.95600944600497,51
2,0.0,uninfected,1,41.0,46.0,5.0,263.2102031879731,136.25417289951568,51
3,0.0,uninfected,1,35.0,40.0,5.0,269.5988585448362,138.56188917611755,51
4,0.0,uninfected,1,43.0,49.0,6.0,263.0361030569435,120.34584207437518,51
5,0.0,uninfected,1,36.0,41.0,5.0,269.0332548386948,157.51534067021822,51
6,0.0,uninfected,1,42.0,48.0,6.0,263.8703989930535,119.66393161589713,51
7,0.0,uninfected,1,39.0,44.0,5.0,264.3627837313198,127.902793148599,51
8,0.0,uninfected,1,36.0,41.0,5.0,268.00615793059006,130.82956131661211,51
9,0.0,uninfected,1,45.0,51.0,6.0,261.5797704687403,126.0674826493959,51
10,0.0,uninfected,1,46.0,52.0,6.0,260.6402921959698,123.25227053430136,51
1,0.0,uninfected,1,43.0,49.0,6.0,270.43166756672196,122.6872253685326,52
2,0.0,uninfected,1,43.0,48.0,5.0,269.7414919749846,151.32861358225492,52
3,0.0,uninfected,1,39.0,44.0,5.0,273.4905972069687,149.4440844204494,52
4,0.0,uninfected,1,41.0,46.0,5.0,271.72159037074107,152.58811178721456,52
5,0.0,uninfected,1,51.0,57.0,6.0,264.04719583659687,130.75939659636097,52
6,0.0,uninfected,1,36.0,41.0,5.0,276.44580772797167,147.55985641101014,52
7,0.0,uninfected,1,39.0,44.0,5.0,273.907154043367,159.34016431970912,52
8,0.0,uninfected,1,35.0,40.0,5.0,277.5412590042869,166.73464104249695,52
9,0.0,uninfected,1,44.0,49.0,5.0,268.12229256576745,144.63891338930648,52
10,0.0,uninfected,1,42.0,47.0,5.0,270.53645460842455,149.38452428687697,52
1,0.0,uninfected,1,37.0,43.0,6.0,266.65912931969615,120.70304454805982,53
2,0.0,uninfected,1,39.0,44.0,5.0,264.9218616742376,155.38878757145795,53
3,0.0,uninfected,1,37.0,43.0,6.0,266.6334449831159,122.1117840321341,53
4,0.0,uninfected,1,40.0,45.0,5.0,263.2082566373166,140.01253022424132,53
5,0.0,uninfected,1,36.0,41.0,5.0,267.3951427897996,144.60422158420786,53
6,0.0,uninfected,1,39.0,44.0,5.0,263.9107156955813,136.5200564707574,53
7,0.0,uninfected,1,40.0,46.0,6.0,264.17747313599284,126.64237835795613,53
8,0.0,uninfected,1,42.0,48.0,6.0,262.3380000564351,115.88536053529836,53
9,0.0,uninfected,1,39.0,44.0,5.0,264.93727960086756,156.02290790217805,53
10,0.0,uninfected,1,41.0,47.0,6.0,263.1907938473386,115.33075696088511,53
1,0.0,uninfected,1,38.0,43.0,5.0,253.04802236295455,133.38971001600424,54
2,0.0,uninfected,1,37.0,42.0,5.0,253.04825068200054,121.78033640840951,54
3,0.0,uninfected,1,34.0,39.0,5.0,256.2315273040538,121.34039225676584,54
4,0.0,uninfected,1,41.0,46.0,5.0,250.2833205497696,133.41395694032997,54
5,0.0,uninfected,1,38.0,43.0,5.0,252.99323851086305,132.50294321573955,54
6,0.0,uninfected,1,44.0,50.0,6.0,249.04837014139096,116.42310833103163,54
7,0.0,uninfected,1,44.0,50.0,6.0,249.21342561771485,122.72648991692833,54
8,0.0,uninfected,1,33.0,38.0,5.0,257.9360038417528,140.60472828700557,54
9,0.0,uninfected,1,40.0,45.0,5.0,251.35720034411978,135.43345433934599,54
10,0.0,uninfected,1,38.0,43.0,5.0,252.09673939341826,122.61856641762004,54
1,0.0,uninfected,1,34.0,39.0,5.0,269.05265194449635,165.4057643209228,55
2,0.0,uninfected,1,35.0,40.0,5.0,268.4683229655945,150.94255774223564,55
3,0.0,uninfected,1,33.0,38.0,5.0,270.3068673816663,153.6550745669018,55
4,0.0,uninfected,1,38.0,44.0,6.0,265.8156628714746,122.1681578771904,55
5,0.0,uninfected,1,36.0,41.0,5.0,267.5372758519803,150.07561874856583,55
6,0.0,uninfected,1,41.0,47.0,6.0,263.21455903373555,116.28733549878349,55
7,0.0,uninfected,1,41.0,47.0,6.0,263.330635402586,121.03127934387882,55
8,0.0,uninfected,1,35.0,40.0,5.0,267.82418107414026,132.37650465416746,55
9,0.0,uninfected,1,34.0,39.0,5.0,269.38015322090166,145.0176763454429,55
10,0.0,uninfected,1,37.0,42.0,5.0,265.32499607216846,128.98397345797497,55
1,0.0,uninfected,1,38.0,43.0,5.0,265.82479501440787,157.54991852903618,56
2,0.0,uninfected,1,49.0,55.0,6.0,257.18145653304146,129.05774003516856,56
3,0.0,uninfected,1,41.0,46.0,5.0,262.5551661837411,143.9142302184442,56
4,0.0,uninfected,1,36.0,41.0,5.0,267.18709951818505,139.68427875484954,56
5,0.0,uninfected,1,37.0,42.0,5.0,265.19076305189793,127.59123703128502,56
6,0.0,uninfected,1,39.0,44.0,5.0,264.82222478310797,151.57441117755712,56
7,0.0,uninfected,1,40.0,45.0,5.0,262.9931007400149,137.5540421001852,56
8,0.0,uninfected,1,38.0,43.0,5.0,264.01125710016686,127.00991236253344,56
9,0.0,uninfected,1,31.0,36.0,5.0,271.8307201466852,160.5053259361528,56
10,0.0,uninfected,1,39.0,45.0,6.0,265.00100747730824,122.17343603685136,56
1,0.0,uninfected,1,33.0,38.0,5.0,265.5965342231581,164.47702566931775,57
2,0.0,uninfected,1,34.0,39.0,5.0,264.8991180618148,132.9934799330864,57
3,0.0,uninfected,1,41.0,47.0,6.0,259.1465223218485,113.24993192643798,57
4,0.0,uninfected,1,54.0,60.0,6.0,250.2209367278276,125.98333705503569,57
5,0.0,uninfected,1,35.0,40.0,5.0,264.31110580867147,145.95763929587304,57
6,0.0,uninfected,1,38.0,43.0,5.0,261.2124248895929,139.5298398789787,57
7,0.0,uninfected,1,43.0,48.0,5.0,256.8026920354239,142.62796201223713,57
8,0.0,uninfected,1,39.0,44.0,5.0,260.1634706304578,138.29007401910442,57
9,0.0,uninfected,1,37.0,42.0,5.0,262.561092807535,150.82058879685158,57
10,0.0,uninfected,1,42.0,48.0,6.0,258.3339640302855,114.36648084189672,57
1,0.0,uninfected,1,34.0,38.0,4.0,273.3640520636968,171.95526009877005,58
2,0.0,uninfected,1,35.0,40.0,5.0,272.3253694880877,129.13172293631774,58
3,0.0,uninfected,1,35.0,40.0,5.0,273.3649481065429,148.879461656809,58
4,0.0,uninfected,1,42.0,47.0,5.0,264.632639278765,130.8369589231889,58
5,0.0,uninfected,1,37.0,42.0,5.0,271.5818245677985,157.81209880852728,58
6,0.0,uninfected,1,35.0,40.0,5.0,273.42309329118143,153.31087270204634,58
7,0.0,uninfected,1,34.0,39.0,5.0,274.00590337150425,136.9424493036929,58
8,0.0,uninfected,1,39.0,45.0,6.0,269.85455858173685,124.01167242947248,58
9,0.0,uninfected,1,36.0,41.0,5.0,272.49787126118906,155.97641503690397,58
10,0.0,uninfected,1,37.0,42.0,5.0,270.1118496167712,130.39781247194236,58
1,0.0,uninfected,1,41.0,47.0,6.0,263.28314079496073,118.51626102557113,59
2,0.0,uninfected,1,37.0,42.0,5.0,266.532320863731,147.71460256021433,59
3,0.0,uninfected,1,35.0,40.0,5.0,268.40308420210624,145.5574965354872,59
4,0.0,uninfected,1,42.0,47.0,5.0,262.0146580627504,149.1888625863491,59
5,0.0,uninfected,1,40.0,45.0,5.0,262.45028396967973,132.23369612837433,59
6,0.0,uninfected,1,43.0,49.0,6.0,261.8155412825547,127.54881406616806,59
7,0.0,uninfected,1,43.0,48.0,5.0,259.44213267887073,132.68836021918122,59
8,0.0,uninfected,1,45.0,50.0,5.0,257.38341636714944,132.13223515902956,59
9,0.0,uninfected,1,36.0,42.0,6.0,267.3567307900462,125.21705312400884,59
10,0.0,uninfected,1,40.0,45.0,5.0,263.69086032685976,146.92622608993236,59
1,0.0,uninfected,1,40.0,45.0,5.0,263.9786438253981,152.83701248910748,60
2,0.0,uninfected,1,35.0,40.0,5.0,267.97193346630525,134.75352312170253,60
3,0.0,uninfected,1,34.0,39.0,5.0,269.3283613568512,142.33328381067193,60
4,0.0,uninfected,1,38.0,43.0,5.0,265.7360683680793,151.82588314254022,60
5,0.0,uninfected,1,45.0,51.0,6.0,259.89838535862503,118.93049866167455,60
6,0.0,uninfected,1,39.0,45.0,6.0,264.9998655102437,123.21315560476472,60
7,0.0,uninfected,1,43.0,49.0,6.0,261.7669877276728,125.29097061755937,60
8,0.0,uninfected,1,40.0,45.0,5.0,262.92288704884476,136.85763198379493,60
9,0.0,uninfected,1,41.0,46.0,5.0,261.6334949682672,134.15024135653348,60
10,0.0,uninfected,1,33.0,38.0,5.0,270.2997940691212,139.72507469381523,60
1,0.0,uninfected,1,35.0,40.0,5.0,268.4320801080052,147.37428836668002,61
2,0.0,uninfected,1,42.0,48.0,6.0,262.5338743773751,122.40999981630365,61
3,0.0,uninfected,1,38.0,44.0,6.0,265.7924349718705,124.29360691186132,61
4,0.0,uninfected,1,40.0,46.0,6.0,264.1756605217622,121.98652007558155,61
5,0.0,uninfected,1,43.0,48.0,5.0,260.8597425473575,145.72427244986662,61
6,0.0,uninfected,1,48.0,54.0,6.0,257.8454036585238,126.70752840731176,61
7,0.0,uninfected,1,42.0,47.0,5.0,262.0287419900808,149.38971664756522,61
8,0.0,uninfected,1,44.0,49.0,5.0,258.57998149448207,133.65186309337128,61
9,0.0,uninfected,1,38.0,43.0,5.0,264.61074187911254,132.8048536511701,61
10,0.0,uninfected,1,37.0,42.0,5.0,265.3181377126767,128.9734650779309,61
1,0.0,uninfected,1,45.0,51.0,6.0,257.0450068974885,109.88751293045668,62
2,0.0,uninfected,1,43.0,48.0,5.0,258.4386121361635,143.5116420576039,62
3,0.0,uninfected,1,43.0,48.0,5.0,258.3510127406428,142.56831855670632,62
4,0.0,uninfected,1,38.0,43.0,5.0,261.8885922629885,128.2906091026847,62
5,0.0,uninfected,1,45.0,51.0,6.0,257.69092468111944,120.1593796651845,62
6,0.0,uninfected,1,36.0,41.0,5.0,264.4768838955989,133.53386149986102,62
7,0.0,uninfected,1,39.0,44.0,5.0,262.14043525955486,143.69653880842296,62
8,0.0,uninfected,1,37.0,42.0,5.0,264.2431229427963,150.8977087609322,62
9,0.0,uninfected,1,33.0,38.0,5.0,267.6811076063363,133.22698808443562,62
10,0.0,uninfected,1,41.0,46.0,5.0,258.99369445195885,130.44577880559055,62
1,0.0,uninfected,1,37.0,42.0,5.0,266.28588461808425,141.87271243555276,63
2,0.0,uninfected,1,46.0,52.0,6.0,258.59773472154444,112.56277932745338,63
3,0.0,uninfected,1,38.0,44.0,6.0,265.8357347590014,119.55379801562056,63
4,0.0,uninfected,1,37.0,42.0,5.0,266.5440412348946,148.06886808166968,63
5,0.0,uninfected,1,41.0,46.0,5.0,262.0712174676714,138.27477611582023,63
6,0.0,uninfected,1,36.0,41.0,5.0,267.43748670662404,145.83200040950146,63
7,0.0,uninfected,1,34.0,39.0,5.0,269.38290395627916,146.53992510716694,63
8,0.0,uninfected,1,41.0,46.0,5.0,261.29695725298427,131.27456420903385,63
9,0.0,uninfected,1,34.0,39.0,5.0,269.0278851403592,134.15524154455898,63
10,0.0,uninfected,1,40.0,45.0,5.0,261.90267106689095,127.73691116493045,63
1,0.0,uninfected,1,37.0,42.0,5.0,250.42078346016427,141.86981792795058,64
2,0.0,uninfected,1,43.0,48.0,5.0,244.54600399552461,130.81777106702137,64
3,0.0,uninfected,1,45.0,50.0,5.0,242.9336398468457,131.8430683709812,64
4,0.0,uninfected,1,38.0,43.0,5.0,249.21539724407816,133.4555248024798,64
5,0.0,uninfected,1,41.0,46.0,5.0,246.67941697115353,135.0560610855688,64
6,0.0,uninfected,1,38.0,43.0,5.0,248.07461490935466,120.10860330099318,64
7,0.0,uninfected,1,44.0,50.0,6.0,244.989417078066,110.44427304964519,64
8,0.0,uninfected,1,39.0,44.0,5.0,247.92911741349238,128.48674653131974,64
9,0.0,uninfected,1,49.0,54.0,5.0,239.42580748460145,130.44753377950235,64
10,0.0,uninfected,1,37.0,42.0,5.0,249.52341064051063,124.65671946332652,64
1,0.0,uninfected,1,42.0,47.0,5.0,250.3583603693875,132.54875796663214,65
2,0.0,uninfected,1,38.0,43.0,5.0,254.84433045034874,150.58967834789837,65
3,0.0,uninfected,1,35.0,40.0,5.0,256.87805621078735,129.62648611351833,65
4,0.0,uninfected,1,39.0,44.0,5.0,253.47661726532692,136.95555210469058,65
5,0.0,uninfected,1,44.0,49.0,5.0,247.9786476524072,128.15514608491918,65
6,0.0,uninfected,1,40.0,46.0,6.0,253.2355486888547,113.06388487399268,65
7,0.0,uninfected,1,38.0,43.0,5.0,253.2605981631375,123.19691059202732,65
8,0.0,uninfected,1,35.0,40.0,5.0,257.2015271792035,155.28971052609776,65
9,0.0,uninfected,1,46.0,51.0,5.0,246.2045650908003,128.56160742682056,65
10,0.0,uninfected,1,40.0,45.0,5.0,252.34604482401156,134.07337509972288,65
1,0.0,uninfected,1,41.0,47.0,6.0,285.77969371965423,138.01554619162295,66
2,0.0,uninfected,1,40.0,46.0,6.0,286.64944950133713,130.3688960897418,66
3,0.0,uninfected,1,42.0,47.0,5.0,284.4812563600906,165.35534984787452,66
4,0.0,uninfected,1,36.0,41.0,5.0,290.4704012438234,171.1945966294986,66
5,0.0,uninfected,1,37.0,43.0,6.0,289.36770697766707,135.6423559684233,66
6,0.0,uninfected,1,43.0,48.0,5.0,283.13544667577634,159.8459837185309,66
7,0.0,uninfected,1,36.0,41.0,5.0,290.448152815926,173.3907389176398,66
8,0.0,uninfected,1,40.0,45.0,5.0,285.8637745199911,154.90496836697233,66
9,0.0,uninfected,1,41.0,47.0,6.0,285.6951399865209,129.5588025153312,66
10,0.0,uninfected,1,44.0,50.0,6.0,282.79156105997157,128.09820037788856,66
1,0.0,uninfected,1,43.0,49.0,6.0,245.3736653693094,107.52214211661222,67
2,0.0,uninfected,1,38.0,43.0,5.0,249.3647214864493,143.7661169554637,67
3,0.0,uninfected,1,41.0,46.0,5.0,246.88482662658916,142.6154359912467,67
4,0.0,uninfected,1,40.0,46.0,6.0,247.9185793708285,116.44992243469352,67
5,0.0,uninfected,1,46.0,52.0,6.0,243.57833924794122,118.88738151207369,67
6,0.0,uninfected,1,35.0,40.0,5.0,251.62705446149246,154.63050362805586,67
7,0.0,uninfected,1,38.0,43.0,5.0,249.3790927604189,144.59310277912567,67
8,0.0,uninfected,1,38.0,43.0,5.0,248.32006111968383,125.07263593447465,67
9,0.0,uninfected,1,40.0,45.0,5.0,247.62023664321606,140.8091078799153,67
10,0.0,uninfected,1,39.0,44.0,5.0,248.36533321513048,139.04398952572186,67
1,0.0,uninfected,1,39.0,44.0,5.0,287.5494690432603,169.96973247584313,68
2,0.0,uninfected,1,51.0,57.0,6.0,276.34308908140787,129.41506908740385,68
3,0.0,uninfected,1,46.0,52.0,6.0,281.3036765613271,136.2928724260967,68
4,0.0,uninfected,1,38.0,43.0,5.0,287.72939811801643,150.3645840736404,68
5,0.0,uninfected,1,37.0,42.0,5.0,289.47300296257225,174.7514045370853,68
6,0.0,uninfected,1,40.0,46.0,6.0,286.6303491719126,128.74854565150943,68
7,0.0,uninfected,1,40.0,45.0,5.0,286.42655412156506,165.20176052704244,68
8,0.0,uninfected,1,36.0,41.0,5.0,290.4852192984432,167.8092317046288,68
9,0.0,uninfected,1,36.0,41.0,5.0,290.0804374947097,151.83545936974693,68
10,0.0,uninfected,1,41.0,47.0,6.0,285.6500500879207,127.39306203143596,68
1,0.0,uninfected,1,36.0,41.0,5.0,251.29141437912617,147.15155127320858,69
2,0.0,uninfected,1,44.0,49.0,5.0,244.5747756139901,140.1980686574656,69
3,0.0,uninfected,1,39.0,44.0,5.0,248.52095260956838,136.73225369724835,69
4,0.0,uninfected,1,42.0,48.0,6.0,246.68064042863148,114.66509723150939,69
5,0.0,uninfected,1,39.0,45.0,6.0,248.93161801819457,117.74154471557996,69
6,0.0,uninfected,1,37.0,42.0,5.0,250.02832349079083,131.84585295364565,69
7,0.0,uninfected,1,40.0,46.0,6.0,248.19435281501663,118.33162837532043,69
8,0.0,uninfected,1,35.0,40.0,5.0,252.07529018562963,148.93439427636434,69
9,0.0,uninfected,1,59.0,65.0,6.0,234.8852372186556,114.57456351821648,69
10,0.0,uninfected,1,42.0,47.0,5.0,245.94233460264422,136.57522716688229,69
1,0.0,uninfected,1,41.0,47.0,6.0,286.40140236318115,125.27088842868174,70
2,0.0,uninfected,1,44.0,50.0,6.0,283.95946671422,138.63959407157776,70
3,0.0,uninfected,1,38.0,43.0,5.0,289.1049668046314,160.25993020210296,70
4,0.0,uninfected,1,38.0,44.0,6.0,289.3169433787564,135.9116519030191,70
5,0.0,uninfected,1,38.0,43.0,5.0,287.5209029136468,139.2200177556376,70
6,0.0,uninfected,1,38.0,43.0,5.0,289.33125618722454,167.66646395845817,70
7,0.0,uninfected,1,38.0,43.0,5.0,288.3802586071618,148.1704769986423,70
8,0.0,uninfected,1,38.0,43.0,5.0,288.1102330543337,145.03209415171807,70
9,0.0,uninfected,1,36.0,41.0,5.0,291.2780600669939,162.576272778679,70
10,0.0,uninfected,1,39.0,44.0,5.0,287.2955303313976,148.93320159620353,70
1,0.0,uninfected,1,46.0,52.0,6.0,271.8115748070649,121.17727589216138,71
2,0.0,uninfected,1,41.0,47.0,6.0,276.5047927538327,121.76444385227015,71
3,0.0,uninfected,1,38.0,43.0,5.0,278.5721472244656,146.08423550826708,71
4,0.0,uninfected,1,39.0,44.0,5.0,277.6565092804474,148.2294048382594,71
5,0.0,uninfected,1,41.0,46.0,5.0,275.98933675480225,153.4755139409862,71
6,0.0,uninfected,1,34.0,39.0,5.0,282.9856940584905,168.16484907748938,71
7,0.0,uninfected,1,42.0,48.0,6.0,275.5977319562801,122.4390952277694,71
8,0.0,uninfected,1,37.0,42.0,5.0,279.0138052260864,137.60476527216488,71
9,0.0,uninfected,1,39.0,44.0,5.0,278.1127014837495,156.1748983542424,71
10,0.0,uninfected,1,37.0,42.0,5.0,278.99074256371074,137.34247976303985,71
1,0.0,uninfected,1,43.0,48.0,5.0,274.0379465299554,153.5651658368458,72
2,0.0,uninfected,1,41.0,47.0,6.0,276.6838806425174,131.0795491491195,72
3,0.0,uninfected,1,39.0,44.0,5.0,278.3414072884932,162.78284933363463,72
4,0.0,uninfected,1,38.0,43.0,5.0,279.13641974768507,157.07831040369518,72
5,0.0,uninfected,1,37.0,42.0,5.0,280.21846408374165,169.18150696501073,72
6,0.0,uninfected,1,33.0,38.0,5.0,283.87313624200294,139.71862020481956,72
7,0.0,uninfected,1,41.0,46.0,5.0,276.15825572631746,156.0497484904886,72
8,0.0,uninfected,1,41.0,47.0,6.0,276.60082517581236,125.25576817411218,72
9,0.0,uninfected,1,40.0,45.0,5.0,275.71909376169106,138.8520609163399,72
10,0.0,uninfected,1,46.0,51.0,5.0,269.22084728908936,138.4091120850767,72
1,0.0,uninfected,1,37.0,42.0,5.0,273.92792613374036,141.92425761571846,73
2,0.0,uninfected,1,41.0,46.0,5.0,270.12534640715995,146.10790246655955,73
3,0.0,uninfected,1,41.0,46.0,5.0,270.4946051280963,151.10287002942687,73
4,0.0,uninfected,1,38.0,43.0,5.0,273.3653125642865,150.4405280648355,73
5,0.0,uninfected,1,42.0,47.0,5.0,268.43026745493967,139.3112334866258,73
6,0.0,uninfected,1,46.0,51.0,5.0,265.669674048797,149.35375959157446,73
7,0.0,uninfected,1,38.0,43.0,5.0,273.51172873058545,153.8536514584472,73
8,0.0,uninfected,1,37.0,42.0,5.0,273.5343747728709,136.76215197414092,73
9,0.0,uninfected,1,40.0,46.0,6.0,271.95803598288495,125.7634677407033,73
10,0.0,uninfected,1,35.0,40.0,5.0,276.411918225036,160.7484713256327,73
1,0.0,uninfected,1,36.0,41.0,5.0,267.1903706569743,139.73423783070567,74
2,0.0,uninfected,1,43.0,49.0,6.0,261.67231597403924,121.22171733089974,74
3,0.0,uninfected,1,39.0,45.0,6.0,265.00100395931605,122.49963093432837,74
4,0.0,uninfected,1,40.0,45.0,5.0,263.4389640558505,143.07725660111782,74
5,0.0,uninfected,1,43.0,49.0,6.0,261.6754129172666,121.31386409982966,74
6,0.0,uninfected,1,44.0,49.0,5.0,260.1370126233716,147.83627584048628,74
7,0.0,uninfected,1,35.0,40.0,5.0,268.47269699957826,154.9378074675404,74
8,0.0,uninfected,1,42.0,47.0,5.0,260.96496766451145,137.1494296508897,74
9,0.0,uninfected,1,40.0,46.0,6.0,264.15998185012245,119.99065586993865,74
10,0.0,uninfected,1,38.0,43.0,5.0,265.6359224087327,148.76647016980993,74
1,0.0,uninfected,1,38.0,43.0,5.0,273.09443539354834,132.08553735584363,75
2,0.0,uninfected,1,37.0,43.0,6.0,275.74150872452606,125.49596073065044,75
3,0.0,uninfected,1,47.0,53.0,6.0,267.0724013332198,125.6384848550261,75
4,0.0,uninfected,1,37.0,42.0,5.0,275.7453177445271,158.07000228680062,75
5,0.0,uninfected,1,39.0,44.0,5.0,273.3445551134911,147.1660908982236,75
6,0.0,uninfected,1,43.0,48.0,5.0,267.8606406879266,134.58161475933957,75
7,0.0,uninfected,1,36.0,41.0,5.0,276.6715196826754,155.07304745036686,75
8,0.0,uninfected,1,34.0,39.0,5.0,278.632188017651,155.54574089723258,75
9,0.0,uninfected,1,36.0,41.0,5.0,276.6099179434199,152.35340828290327,75
10,0.0,uninfected,1,44.0,50.0,6.0,269.2057750753716,116.73638156854221,75
1,0.0,uninfected,1,34.0,39.0,5.0,252.77188038161088,151.81176472593816,76
2,0.0,uninfected,1,37.0,43.0,6.0,250.4125146120288,116.14168341485461,76
3,0.0,uninfected,1,41.0,46.0,5.0,246.1592787328934,129.21766178001283,76
4,0.0,uninfected,1,36.0,41.0,5.0,251.2288488586225,139.5213869786633,76
5,0.0,uninfected,1,44.0,49.0,5.0,244.5964166455085,140.38726362271217,76
6,0.0,uninfected,1,32.0,37.0,5.0,254.56955690070683,146.17419982453177,76
7,0.0,uninfected,1,40.0,46.0,6.0,248.20091739963232,117.82939188637889,76
8,0.0,uninfected,1,38.0,43.0,5.0,249.70179193585793,148.68813579111313,76
9,0.0,uninfected,1,36.0,41.0,5.0,251.1861237120919,137.9510047087988,76
10,0.0,uninfected,1,48.0,53.0,5.0,240.59240446217197,132.96835782812732,76
1,0.0,uninfected,1,42.0,48.0,6.0,270.17272855008304,123.25286311773209,77
2,0.0,uninfected,1,46.0,52.0,6.0,266.8525424363083,126.56491806972878,77
3,0.0,uninfected,1,38.0,43.0,5.0,271.9833437304088,132.25836567376675,77
4,0.0,uninfected,1,38.0,43.0,5.0,273.19531206637186,147.01368140226992,77
5,0.0,uninfected,1,46.0,51.0,5.0,265.5409693814462,148.17804699706465,77
6,0.0,uninfected,1,37.0,42.0,5.0,274.5535826844158,165.7800481524916,77
7,0.0,uninfected,1,42.0,47.0,5.0,269.8348502530775,155.71680738063705,77
8,0.0,uninfected,1,39.0,45.0,6.0,272.8092943871261,127.72730021943893,77
9,0.0,uninfected,1,40.0,45.0,5.0,271.5289511673312,152.43133009260973,77
10,0.0,uninfected,1,50.0,56.0,6.0,263.7971158307414,131.48717712140726,77
1,0.0,uninfected,1,39.0,45.0,6.0,248.64269926650917,109.83641489709699,78
2,0.0,uninfected,1,34.0,39.0,5.0,252.5142193396479,130.32897739948635,78
3,0.0,uninfected,1,38.0,43.0,5.0,248.98201927813113,134.1097999055031,78
4,0.0,uninfected,1,37.0,42.0,5.0,249.69744280691967,130.72514184171757,78
5,0.0,uninfected,1,39.0,44.0,5.0,247.93945743511642,131.93132114470774,78
6,0.0,uninfected,1,51.0,57.0,6.0,239.39281157305288,103.9751456592376,78
7,0.0,uninfected,1,44.0,50.0,6.0,244.70691778961017,110.21338228427959,78
8,0.0,uninfected,1,37.0,42.0,5.0,250.2141105151195,147.64615730666694,78
9,0.0,uninfected,1,42.0,47.0,5.0,245.88233641672983,139.3246112458565,78
10,0.0,uninfected,1,38.0,43.0,5.0,249.22490956489304,139.04979841980867,78
1,0.0,uninfected,1,35.0,40.0,5.0,283.1870342336641,145.80736379804193,79
2,0.0,uninfected,1,37.0,42.0,5.0,281.3372038077145,153.25712668740147,79
3,0.0,uninfected,1,42.0,48.0,6.0,277.00920938199323,125.30199734100762,79
4,0.0,uninfected,1,39.0,44.0,5.0,277.95300893774294,137.35911584864837,79
5,0.0,uninfected,1,39.0,44.0,5.0,278.77320209720375,145.83202318582565,79
6,0.0,uninfected,1,34.0,39.0,5.0,284.4093480467984,148.7845694040147,79
7,0.0,uninfected,1,46.0,52.0,6.0,273.65087951097695,131.04271693840195,79
8,0.0,uninfected,1,41.0,46.0,5.0,276.74852384398173,147.02114884703406,79
9,0.0,uninfected,1,43.0,48.0,5.0,275.2420845598976,152.88072390559495,79
10,0.0,uninfected,1,41.0,47.0,6.0,277.91290155775266,124.77176890872774,79
1,0.0,uninfected,1,41.0,46.0,5.0,270.5310546954307,138.9007248161066,80
2,0.0,uninfected,1,33.0,38.0,5.0,279.09715693531945,171.43124055927402,80
3,0.0,uninfected,1,54.0,60.0,6.0,259.55835857852605,106.98447355177656,80
4,0.0,uninfected,1,38.0,43.0,5.0,274.8648027217227,162.15618555539768,80
5,0.0,uninfected,1,57.0,63.0,6.0,258.01931918705355,114.38072499020168,80
6,0.0,uninfected,1,34.0,39.0,5.0,278.530327546257,146.36917914284783,80
7,0.0,uninfected,1,41.0,46.0,5.0,271.52106501316047,149.58048153722305,80
8,0.0,uninfected,1,37.0,42.0,5.0,275.7368080628938,157.2057035164847,80
9,0.0,uninfected,1,49.0,55.0,6.0,265.04431045037865,121.66045499387933,80
10,0.0,uninfected,1,33.0,38.0,5.0,279.6395647593543,153.45549869229933,80
1,0.0,uninfected,1,34.0,39.0,5.0,252.91283794346242,146.77613312956035,81
2,0.0,uninfected,1,38.0,43.0,5.0,249.6973250775131,147.48373510751645,81
3,0.0,uninfected,1,37.0,42.0,5.0,249.11141711281448,120.22156935219562,81
4,0.0,uninfected,1,34.0,39.0,5.0,252.1007520550706,118.24446343813042,81
5,0.0,uninfected,1,35.0,40.0,5.0,250.88524566268222,116.80021530239954,81
6,0.0,uninfected,1,37.0,42.0,5.0,249.95543691062846,130.57770580829498,81
7,0.0,uninfected,1,36.0,42.0,6.0,251.15258696090106,115.62371206061101,81
8,0.0,uninfected,1,40.0,46.0,6.0,248.1939498232262,117.57570237490114,81
9,0.0,uninfected,1,38.0,43.0,5.0,248.88992472815147,128.6956643547115,81
10,0.0,uninfected,1,39.0,45.0,6.0,248.923584469929,117.49494672516299,81
1,0.0,uninfected,1,38.0,43.0,5.0,263.917478975127,150.21174956146962,82
2,0.0,uninfected,1,39.0,45.0,6.0,263.20473942050506,118.43983180841276,82
3,0.0,uninfected,1,34.0,39.0,5.0,267.33303971279173,136.44818009600436,82
4,0.0,uninfected,1,35.0,40.0,5.0,265.75350362095713,128.09104013839922,82
5,0.0,uninfected,1,38.0,43.0,5.0,263.6977379702574,144.54539847870225,82
6,0.0,uninfected,1,39.0,45.0,6.0,263.20637043166676,118.82265102811154,82
7,0.0,uninfected,1,45.0,51.0,6.0,257.9308566010954,114.33449652803377,82
8,0.0,uninfected,1,33.0,38.0,5.0,268.5300457288272,143.78312026258004,82
9,0.0,uninfected,1,38.0,43.0,5.0,263.5168657906261,141.12819404437542,82
10,0.0,uninfected,1,38.0,44.0,6.0,263.95791105558203,125.41881911347241,82
1,0.0,uninfected,1,36.0,41.0,5.0,276.2655320447098,143.45217469399847,83
2,0.0,uninfected,1,41.0,46.0,5.0,270.47276201355896,138.33172435064154,83
3,0.0,uninfected,1,40.0,45.0,5.0,272.70839856782345,153.03914780630677,83
4,0.0,uninfected,1,39.0,44.0,5.0,272.6917982242887,139.0692164955744,83
5,0.0,uninfected,1,35.0,40.0,5.0,277.6156232645985,152.9253691168529,83
6,0.0,uninfected,1,38.0,43.0,5.0,273.04040650262584,131.66832512630145,83
7,0.0,uninfected,1,38.0,43.0,5.0,274.5585952223689,150.8816503100913,83
8,0.0,uninfected,1,40.0,45.0,5.0,272.03534123981086,143.50879276655596,83
9,0.0,uninfected,1,38.0,43.0,5.0,274.4881623688353,149.44578979184004,83
10,0.0,uninfected,1,41.0,47.0,6.0,272.09863299228493,118.87012732142094,83
1,0.0,uninfected,1,38.0,43.0,5.0,236.70681267318218,127.68913403665854,84
2,0.0,uninfected,1,44.0,49.0,5.0,230.46548362459103,116.54918372279435,84
3,0.0,uninfected,1,39.0,45.0,6.0,236.3929349248304,112.11817989477925,84
4,0.0,uninfected,1,38.0,43.0,5.0,235.74118100158634,115.76123236599379,84
5,0.0,uninfected,1,53.0,59.0,6.0,226.02099504278218,97.02703815838079,84
6,0.0,uninfected,1,44.0,50.0,6.0,232.5456560837516,101.41488864419406,84
7,0.0,uninfected,1,38.0,43.0,5.0,236.82180210519135,129.87529599495954,84
8,0.0,uninfected,1,50.0,56.0,6.0,229.00687490263516,103.61929036202997,84
9,0.0,uninfected,1,34.0,39.0,5.0,239.96329357416906,144.07472790903685,84
10,0.0,uninfected,1,36.0,42.0,6.0,238.4411194845556,110.28826934477063,84
1,0.0,uninfected,1,45.0,50.0,5.0,242.5796303967861,128.95602163373056,85
2,0.0,uninfected,1,45.0,50.0,5.0,241.56853390994937,122.07410801329671,85
3,0.0,uninfected,1,41.0,47.0,6.0,247.47437317289615,119.51505740010725,85
4,0.0,uninfected,1,39.0,44.0,5.0,248.64365824287916,139.18689722745773,85
5,0.0,uninfected,1,38.0,43.0,5.0,248.4454622000114,123.63525921393433,85
6,0.0,uninfected,1,38.0,43.0,5.0,249.7029111904993,148.5945374471788,85
7,0.0,uninfected,1,42.0,48.0,6.0,246.55618752079067,110.23845474758336,85
8,0.0,uninfected,1,37.0,42.0,5.0,250.44740413789302,142.8985076003624,85
9,0.0,uninfected,1,42.0,47.0,5.0,245.550952962375,132.1587381403591,85
10,0.0,uninfected,1,35.0,40.0,5.0,252.11516981821688,141.00473730801485,85
1,0.0,uninfected,1,41.0,46.0,5.0,283.7532926303968,155.51954582202197,86
2,0.0,uninfected,1,39.0,44.0,5.0,285.8051900062785,154.6244802204233,86
3,0.0,uninfected,1,35.0,40.0,5.0,289.3296302630594,139.10018395846038,86
4,0.0,uninfected,1,50.0,56.0,6.0,276.65645636411455,135.71846202525256,86
5,0.0,uninfected,1,35.0,40.0,5.0,289.62121364502,143.15254194337135,86
6,0.0,uninfected,1,40.0,46.0,6.0,285.4792604641778,129.01644822707397,86
7,0.0,uninfected,1,42.0,48.0,6.0,283.71701312124486,133.6337560299381,86
8,0.0,uninfected,1,42.0,47.0,5.0,283.0953350009943,160.60739426222523,86
9,0.0,uninfected,1,39.0,44.0,5.0,286.05031448057554,159.16239024388088,86
10,0.0,uninfected,1,40.0,45.0,5.0,284.0839984906151,146.9606411190474,86
1,0.0,uninfected,1,33.0,38.0,5.0,278.17857931281463,164.11752033172007,87
2,0.0,uninfected,1,46.0,52.0,6.0,266.9485841001449,129.01463335282492,87
3,0.0,uninfected,1,36.0,41.0,5.0,275.1324797808965,144.3201353118664,87
4,0.0,uninfected,1,35.0,40.0,5.0,275.91613981521795,138.61057349768112,87
5,0.0,uninfected,1,39.0,45.0,6.0,272.8154986097608,126.0101034726539,87
6,0.0,uninfected,1,46.0,52.0,6.0,267.0699723388478,132.78465553757886,87
7,0.0,uninfected,1,41.0,46.0,5.0,270.59757494363475,152.6925734571365,87
8,0.0,uninfected,1,35.0,41.0,6.0,276.1357331899544,127.58180214171931,87
9,0.0,uninfected,1,45.0,50.0,5.0,266.64271509903904,149.9312947350801,87
10,0.0,uninfected,1,40.0,45.0,5.0,271.57321037189047,153.3243127698277,87
1,0.0,uninfected,1,41.0,46.0,5.0,285.94063107928423,159.54057472465234,88
2,0.0,uninfected,1,43.0,48.0,5.0,283.96906403811664,160.32754330703094,88
3,0.0,uninfected,1,34.0,39.0,5.0,292.9830899191699,180.71025647537655,88
4,0.0,uninfected,1,33.0,37.0,4.0,293.52544454196857,182.99319719534228,88
5,0.0,uninfected,1,36.0,41.0,5.0,291.3428968197468,168.67591005778252,88
6,0.0,uninfected,1,39.0,44.0,5.0,288.17607663599733,163.17761668517846,88
7,0.0,uninfected,1,42.0,47.0,5.0,282.9336269812595,140.83495794069725,88
8,0.0,uninfected,1,41.0,46.0,5.0,286.0200952961166,160.88043412057885,88
9,0.0,uninfected,1,40.0,46.0,6.0,287.51306216746127,138.88357093014199,88
10,0.0,uninfected,1,40.0,46.0,6.0,287.4318897745677,126.92045802729132,88
1,0.0,uninfected,1,44.0,50.0,6.0,256.7604761969917,122.92246003919335,89
2,0.0,uninfected,1,38.0,43.0,5.0,261.3008006628472,145.77763096878564,89
3,0.0,uninfected,1,36.0,41.0,5.0,263.1322360618136,145.74196607048748,89
4,0.0,uninfected,1,42.0,47.0,5.0,256.8930292154717,136.22053233424953,89
5,0.0,uninfected,1,44.0,50.0,6.0,256.2011462248356,110.88670776855744,89
6,0.0,uninfected,1,39.0,44.0,5.0,259.40956022248673,131.94737362498086,89
7,0.0,uninfected,1,46.0,52.0,6.0,255.11950234122523,121.3671037838758,89
8,0.0,uninfected,1,53.0,59.0,6.0,248.07221771129963,101.97289577483059,89
9,0.0,uninfected,1,38.0,43.0,5.0,261.11614513024284,141.87231147082977,89
10,0.0,uninfected,1,36.0,41.0,5.0,262.7112109893585,135.2985247052687,89
1,0.0,uninfected,1,35.0,40.0,5.0,272.9256693624701,130.97578634199425,90
2,0.0,uninfected,1,38.0,43.0,5.0,270.08320539556127,137.20877863359905,90
3,0.0,uninfected,1,43.0,49.0,6.0,267.0174509353356,129.33962529312547,90
4,0.0,uninfected,1,50.0,55.0,5.0,258.98094091249294,142.75114614297667,90
5,0.0,uninfected,1,38.0,43.0,5.0,270.9125290559716,150.3886618548585,90
6,0.0,uninfected,1,42.0,47.0,5.0,266.83821653780103,146.63270578952313,90
7,0.0,uninfected,1,39.0,44.0,5.0,269.14517145573495,138.6115255912286,90
8,0.0,uninfected,1,39.0,44.0,5.0,269.47585205350305,142.63112154339888,90
9,0.0,uninfected,1,39.0,44.0,5.0,270.2120617231951,157.59294090874934,90
10,0.0,uninfected,1,46.0,52.0,6.0,264.2955885684884,123.14992032980562,90
1,0.0,uninfected,1,46.0,52.0,6.0,264.52455942255597,130.54366987644212,91
2,0.0,uninfected,1,37.0,42.0,5.0,271.20090737872806,138.92577060774062,91
3,0.0,uninfected,1,37.0,42.0,5.0,271.48840346431604,143.43020107332055,91
4,0.0,uninfected,1,37.0,42.0,5.0,271.9315897795309,164.3483996692737,91
5,0.0,uninfected,1,37.0,42.0,5.0,271.763185103546,149.491876253497,91
6,0.0,uninfected,1,40.0,45.0,5.0,269.18693214148095,156.37778168693706,91
7,0.0,uninfected,1,42.0,48.0,6.0,267.72474221124617,127.35796429710699,91
8,0.0,uninfected,1,40.0,45.0,5.0,269.1252716821627,154.7589531692393,91
9,0.0,uninfected,1,37.0,42.0,5.0,271.77551350371283,149.86234934140612,91
10,0.0,uninfected,1,39.0,44.0,5.0,270.15685095071433,158.93592866524753,91
1,0.0,uninfected,1,37.0,43.0,6.0,274.1678171503199,125.13356033804347,92
2,0.0,uninfected,1,39.0,44.0,5.0,271.89862248353916,147.737411308889,92
3,0.0,uninfected,1,43.0,48.0,5.0,266.2991734740114,133.47220753360338,92
4,0.0,uninfected,1,35.0,40.0,5.0,275.6128030940019,139.51438373279126,92
5,0.0,uninfected,1,37.0,42.0,5.0,274.20655396320683,158.1136088852436,92
6,0.0,uninfected,1,36.0,41.0,5.0,274.9245724760346,147.54976541332869,92
7,0.0,uninfected,1,38.0,43.0,5.0,272.87338083423634,147.32496755931243,92
8,0.0,uninfected,1,39.0,44.0,5.0,272.3178746981423,156.7871006843233,92
9,0.0,uninfected,1,35.0,40.0,5.0,275.53882120788336,138.05326296163307,92
10,0.0,uninfected,1,41.0,46.0,5.0,270.54119850154035,158.2252010659994,92
1,0.0,uninfected,1,37.0,42.0,5.0,262.5438571776291,150.19781055681594,93
2,0.0,uninfected,1,43.0,48.0,5.0,257.1244233490528,146.76727627981234,93
3,0.0,uninfected,1,37.0,43.0,6.0,262.5187109691626,120.55541001238537,93
4,0.0,uninfected,1,37.0,42.0,5.0,262.19695563770046,139.78236411471576,93
5,0.0,uninfected,1,40.0,45.0,5.0,259.0514650313616,136.47352706736865,93
6,0.0,uninfected,1,36.0,41.0,5.0,263.03706687057513,136.83784738016894,93
7,0.0,uninfected,1,36.0,41.0,5.0,263.25612521324786,142.10453173545164,93
8,0.0,uninfected,1,41.0,46.0,5.0,258.8720924003495,146.74426158657036,93
9,0.0,uninfected,1,39.0,44.0,5.0,260.82018418164324,151.39899813515055,93
10,0.0,uninfected,1,43.0,49.0,6.0,257.74969858299437,121.97534044706813,93
1,0.0,uninfected,1,40.0,46.0,6.0,278.86969951313193,126.65450735893815,94
2,0.0,uninfected,1,40.0,45.0,5.0,277.154177685107,140.34491457747552,94
3,0.0,uninfected,1,37.0,42.0,5.0,281.0682233792291,147.60942921189022,94
4,0.0,uninfected,1,44.0,50.0,6.0,275.18694380942827,125.50041423824725,94
5,0.0,uninfected,1,43.0,49.0,6.0,275.9001150303448,120.98687067086489,94
6,0.0,uninfected,1,48.0,53.0,5.0,269.295160466631,144.09517005898718,94
7,0.0,uninfected,1,38.0,43.0,5.0,280.358005583445,154.2265519715603,94
8,0.0,uninfected,1,40.0,45.0,5.0,278.6294329221221,160.115513380955,94
9,0.0,uninfected,1,35.0,41.0,6.0,283.2281889164886,130.4222720678149,94
10,0.0,uninfected,1,37.0,42.0,5.0,281.39896164593034,155.05014763154696,94
1,0.0,uninfected,1,36.0,41.0,5.0,273.69499009447287,153.2878608277884,95
2,0.0,uninfected,1,32.0,37.0,5.0,277.6403093463369,143.14134543063116,95
3,0.0,uninfected,1,36.0,41.0,5.0,273.5675591624715,148.11815174942387,95
4,0.0,uninfected,1,40.0,45.0,5.0,268.2340187289878,133.25398174488387,95
5,0.0,uninfected,1,43.0,48.0,5.0,266.2830000127267,143.49697426650258,95
6,0.0,uninfected,1,38.0,43.0,5.0,271.8371247388078,155.2151120521971,95
7,0.0,uninfected,1,40.0,46.0,6.0,270.22876787616644,124.39899052748848,95
8,0.0,uninfected,1,43.0,48.0,5.0,265.34327645390266,135.55711839004206,95
9,0.0,uninfected,1,46.0,52.0,6.0,265.32154511460175,129.5479386599784,95
10,0.0,uninfected,1,39.0,44.0,5.0,270.76701672000866,151.71053257152226,95
1,0.0,uninfected,1,39.0,44.0,5.0,264.3190826167816,141.78022798219288,96
2,0.0,uninfected,1,39.0,44.0,5.0,263.2712953885425,130.11090891071842,96
3,0.0,uninfected,1,45.0,50.0,5.0,258.4167573692208,139.79175034626192,96
4,0.0,uninfected,1,44.0,49.0,5.0,258.11302544144144,130.41517518508923,96
5,0.0,uninfected,1,37.0,42.0,5.0,266.47055747335844,145.7834721505267,96
6,0.0,uninfected,1,36.0,41.0,5.0,267.1669066475067,139.29826300637254,96
7,0.0,uninfected,1,36.0,42.0,6.0,267.4343185182449,122.63248723821948,96
8,0.0,uninfected,1,37.0,42.0,5.0,266.65572376037,152.6918468304309,96
9,0.0,uninfected,1,40.0,45.0,5.0,262.6247779770773,133.84240603717558,96
10,0.0,uninfected,1,36.0,41.0,5.0,267.56518731528917,155.09603780539487,96
1,0.0,uninfected,1,39.0,45.0,6.0,248.93863108431466,111.8106470387682,97
2,0.0,uninfected,1,37.0,42.0,5.0,250.48707909881807,149.596860045487,97
3,0.0,uninfected,1,39.0,44.0,5.0,247.7570783214779,126.55669350856144,97
4,0.0,uninfected,1,44.0,50.0,6.0,245.2172626022734,116.29283488383159,97
5,0.0,uninfected,1,35.0,40.0,5.0,251.3047562843211,121.6255178807386,97
6,0.0,uninfected,1,35.0,40.0,5.0,252.08058516186387,147.9160799597873,97
7,0.0,uninfected,1,48.0,53.0,5.0,240.30068201761816,130.82039222237867,97
8,0.0,uninfected,1,37.0,42.0,5.0,249.73943660687016,127.33474993131627,97
9,0.0,uninfected,1,32.0,37.0,5.0,254.53008598340352,147.25062561448294,97
10,0.0,uninfected,1,39.0,44.0,5.0,247.5667298306449,124.63087004201931,97
1,0.0,uninfected,1,36.0,41.0,5.0,238.547193318906,133.39961169175643,98
2,0.0,uninfected,1,34.0,39.0,5.0,240.0503874198284,141.06098438451974,98
3,0.0,uninfected,1,37.0,43.0,6.0,237.73694223452512,111.75174081440115,98
4,0.0,uninfected,1,34.0,39.0,5.0,240.13882272961723,133.6313270399845,98
5,0.0,uninfected,1,39.0,44.0,5.0,234.66040039302388,114.38922808131808,98
6,0.0,uninfected,1,43.0,49.0,6.0,233.6012306415905,108.12809543616196,98
7,0.0,uninfected,1,37.0,42.0,5.0,237.83927708628065,139.9556219874145,98
8,0.0,uninfected,1,43.0,48.0,5.0,232.90606104737336,130.49547304232533,98
9,0.0,uninfected,1,38.0,43.0,5.0,235.6445353914354,114.85035409017874,98
10,0.0,uninfected,1,39.0,44.0,5.0,234.90260258949962,116.55786124986138,98
1,0.0,uninfected,1,48.0,54.0,6.0,271.08749684395843,119.77283933340803,99
2,0.0,uninfected,1,40.0,45.0,5.0,277.26907697776943,141.40700012155176,99
3,0.0,uninfected,1,42.0,47.0,5.0,276.52394113143555,156.7208708373613,99
4,0.0,uninfected,1,42.0,48.0,6.0,277.14653800007864,130.57960816449938,99
5,0.0,uninfected,1,37.0,42.0,5.0,280.98473732743724,146.12489377365705,99
6,0.0,uninfected,1,37.0,42.0,5.0,281.34383112298167,153.39820817751294,99
7,0.0,uninfected,1,35.0,41.0,6.0,283.2107462217729,131.1690698491143,99
8,0.0,uninfected,1,41.0,46.0,5.0,277.76315813869917,162.02877387766344,99
9,0.0,uninfected,1,40.0,45.0,5.0,277.11832972521927,139.95175406491086,99
10,0.0,uninfected,1,47.0,52.0,5.0,269.3240442230313,138.01080221045743,99
1,0.0,uninfected,1,33.0,38.0,5.0,253.68916398417932,128.06522211467956,100
2,0.0,uninfected,1,42.0,47.0,5.0,244.82624786650317,125.4864356552464,100
3,0.0,uninfected,1,37.0,43.0,6.0,250.41712870013316,115.85743023638574,100
4,0.0,uninfected,1,41.0,47.0,6.0,247.399139575505,112.35035446339134,100
5,0.0,uninfected,1,41.0,46.0,5.0,245.79178411967138,125.7768172139902,100
6,0.0,uninfected,1,32.0,37.0,5.0,254.7640622824323,133.49202938588752,100
7,0.0,uninfected,1,39.0,45.0,6.0,248.927710045515,111.7156932138042,100
8,0.0,uninfected,1,41.0,47.0,6.0,247.40156200082842,112.44032662569755,100
9,0.0,uninfected,1,37.0,42.0,5.0,249.02528471472036,119.37212810513496,100
10,0.0,uninfected,1,42.0,48.0,6.0,246.64079523690805,113.03277832735753,100
