"spc.k_D_z[1,6]",spc.log_e_KAP,"spc.b_z[1,6]",weight,loss
0.17272981086755101,2.555748540321541,5.162529624676273,0.003717469095298403,0.004525477182824908
2.1589974829266887,0.25385777769674167,1.6435644052432248,0.003318819423439208,0.004824492324901094
1.9989847138706254,12.91387878163037,6.894337192595193,2.3439097289664486e-7,0.004521348727379694
1.8621760887501129,2.4277385434367105,2.9952923452313174,0.009225933704130196,0.004771688969376745
1.9508493839514087,2.233548689973861,11.983851718426772,1.848155694055145e-7,0.004263330772586034
0.377619792673915,4.931180875344019,6.105047689230406,0.0020565743603283664,0.004862043357720534
0.6531803214934792,11.936248518648375,3.6313753280173344,2.44585283900066e-5,0.004426550298856553
1.1775069708466528,6.305473250482114,0.36868293677332165,0.0075488673410333326,0.004523280004774791
0.5288986578135431,7.8989164323048335,2.1597384140376756,0.0030813705376451514,0.0041734116099244635
0.887768451563476,3.9987720195011747,5.478577505805568,0.0053472868126669655,0.004081113519252942
1.8359830527869008,0.21931728409521134,5.266194827273386,0.0018819923732857186,0.004836806940628258
0.805269716743771,19.374962275266263,9.269292695308046,7.507540278944522e-15,0.0045310452265068125
1.2568849615701156,13.99291887691067,25.51373772764234,0.0,0.004173639429249979
0.51275428225075,8.99830294292229,0.5018664649638294,0.000973842515402604,0.003942853606005728
0.9195106406271405,7.356162904943512,8.632935197423507,4.701719206082526e-5,0.004356902159898876
2.0525354946561656,0.5325532382809248,5.977500625824242,0.000883274504066005,0.0045611658752878655
1.3042998394913716,11.303610411044321,3.565896309201602,7.07619741474404e-5,0.00427853831551578
2.0292694567250336,9.174480673160263,4.83949909909085,0.0002246308370731749,0.00466273064935294
1.547121086371403,11.74503565339354,9.64980374651858,6.08042591483724e-8,0.004577530518148191
0.6809353312866718,2.0930992239033657,0.6626559600178265,0.011421776653851147,0.004724397651027981
1.1926812899017023,10.668613737539534,0.37428143640679545,0.00018169946377555015,0.004931902227512888
1.575679618046216,16.72278117999409,5.052315938217043,8.66447021882265e-10,0.004947987687577582
0.32723525710081536,8.740726773253954,0.14950958391838975,0.0009047821480094021,0.004480992494766864
1.4448517761555655,1.9164769002636723,9.067505381571781,7.596710914013337e-5,0.003705859516258983
0.4068050745506676,1.7763238535000605,3.4962378247487726,0.008416810927601142,0.004720128041344422
0.6880799214300565,11.335988400763908,8.565212211020146,6.660934439337306e-7,0.004040838614802405
0.41159422995356987,11.988354426195233,5.827550514800906,4.746718234147847e-6,0.004130851107602744
2.3468291704626933,27.45222747807798,2.852762569996903,0.0,0.0044542452781405235
1.2090692224339443,17.246004030077778,2.4518932925471026,8.519283710280692e-10,0.0049231805311728315
0.7491986387472884,9.098249990520166,5.667658065255555,0.0002879293636028722,0.004485821400347671
0.7273427878702095,7.420684551351693,8.52700683880586,4.8612465152382264e-5,0.004926370253764662
0.8745513444908222,30.218846882108263,0.47059860547091503,0.0,0.004816180199835527
1.5506523316032201,17.638906152088133,1.5963081055245194,2.6711096353812446e-10,0.00486189429260805
0.4464010040154365,3.7941903895248204,6.488355343171428,0.001884637996761816,0.004558586075062808
1.2135957562961532,20.99799824655526,12.383826041040331,0.0,0.004455129615251257
0.23268781580837833,2.4315978257000967,5.6097868549545415,0.002913403113011292,0.004457889102403428
1.2479581392418304,3.1602281783018866,2.3212074159723928,0.014996852096735451,0.0042291787320358305
0.9461008909258909,23.420987341472276,12.599156212433257,0.0,0.0045318947297512905
0.5098694514009087,15.24479952574748,7.198044349032141,3.3352407127727617e-9,0.004651951548915971
0.9188820246875797,3.2944097280332043,5.913531891835167,0.004085138697416207,0.0044811522650778
0.4383350722717297,11.282840213893618,3.534090764100113,5.509821002419763e-5,0.004756829934655652
0.35311476566421834,14.752164808039492,6.34840578338957,1.9575908080994716e-8,0.00484429455804244
1.3594623836651796,7.077254598686904,10.838065755545195,1.2367440223498631e-6,0.004328264682439638
0.2672147309248513,10.425331703917152,6.876162972483279,1.3058927526749615e-5,0.004371742298351625
1.2331516416795214,10.214650940944432,10.967695005451715,5.148618731141132e-8,0.003960817906631179
0.24673722586771052,7.91724870271757,9.60199762643547,4.003501866247512e-6,0.004923896107315028
0.3780447816179599,4.976116630771195,10.13380106841623,9.32339970507008e-6,0.004417014247244381
2.194253275065447,22.118910133626304,0.12893616159796073,1.1370404843267357e-16,0.004490557097391501
0.4746206395246004,8.38349244164622,7.743324382331168,5.364241287865311e-5,0.0017623636766235674
0.010228931217530324,3.6269991374158375,9.84789002309293,1.1746070024159935e-5,0.0041963006979083605
0.35629965348623405,12.540779669485358,3.2028135891641263,8.15637795424467e-6,0.0049367793194506435
1.5590699623920936,0.8364470063570038,0.4500727659175481,0.007758942238616413,0.004220270858732255
0.8986795155575829,22.90638394711345,8.57949172434557,0.0,0.004295070744051289
1.3569969689532864,9.698795574062608,12.341285858002353,4.8027035595629365e-9,0.004948576046428725
2.2107988168678245,17.66874295202046,12.79024994902911,2.028234377447684e-16,0.004826373114044963
0.5489438757610152,3.5192273243995413,4.277333625815109,0.00864310004938391,0.004600780815456419
2.3479365217679584,9.64067514439678,12.231413430285007,1.422192408453541e-9,0.004275417210617453
1.4348592147766839,7.251267096246112,1.7033598593579078,0.005378836113758323,0.0043919341166265835
1.1771018650697982,6.0987655037500215,10.602493163315884,3.634321149132863e-6,0.004120816306201812
0.7477673187023859,29.745766793958445,0.39383285563142945,0.0,0.004578618414902359
0.07328526288148203,12.965658454573148,1.1261244422427092,2.979185327950657e-6,0.00395050444749517
1.8089695739203746,6.556975411857289,3.988690098683766,0.0037949488317381474,0.0042128787424635696
2.4656889159947175,34.613526039981124,0.9704910742839754,0.0,0.004901549561137053
0.40292545178307715,3.1052773374818523,5.987297585190675,0.0028138169687938613,0.004796394525942181
0.17259176357970785,8.68331893525869,7.1903385876349954,5.567978776777631e-5,0.004630125806629984
1.3249868377295273,11.559865166627876,17.622572907386,1.1370404843267357e-16,0.0049498087715692165
1.0525888362669402,21.743670772778263,2.92858237766814,1.7793147038517306e-15,0.004502161712047788
1.1833640092494397,0.30047996770982477,9.814273572591526,1.2716807697539575e-5,0.004809205646922391
1.4466619464081147,32.83154258680556,7.18679067578236,0.0,0.004911526869331349
0.06475984483172599,9.980953918770329,6.311380292381926,2.996451896640819e-5,0.004766989995471989
1.9050594373818304,9.156481393477629,6.41448240014515,8.031410341558391e-5,0.0040998553582039365
2.264548434205254,25.1808159267106,1.145358975904219,0.0,0.00473977747407443
0.8529977814260339,3.5271774523013,4.110393805134351,0.010538998231580922,0.004673128776566327
0.1309115444883806,1.1920392932349562,4.097108249497548,0.004403284581935329,0.0047367182215696255
1.6400877140972154,13.462879164605255,6.198520581765564,3.053675645831839e-7,0.004778144671180198
0.6169138507820604,16.726569889311513,0.6160569549542192,2.225436295572896e-9,0.004858675112614112
3.124489992737684,5.884296979121608,5.067949873207917,6.630756492217015e-5,0.0042022758832317274
0.2688773712607162,1.2757397588861674,7.3772456497073815,0.00041835593177453944,0.004816000013511434
0.49712877837374986,10.2535675938709,5.771921281638928,6.0113690169568514e-5,0.0044412400144809485
1.3558157963513702,12.500059811169969,4.655358903492043,6.557606443555803e-6,0.004942947663029445
0.9329707586620994,3.190361499642152,5.593757571685533,0.005141700090291945,0.004644172270985536
1.1333863681649043,15.33169942839139,5.39817973206679,1.9839014879407927e-8,0.004428373445301257
0.7975800194495336,8.166575909103623,0.15408644546299577,0.002207408627953352,0.004812415796324935
2.3415855433827755,2.778260324963889,4.373673270696878,0.002571904386782045,0.004025184842849575
0.4370038388915017,0.20412300374290338,0.26904687250768733,0.004912645508495385,0.004825770440962621
0.7105905424737902,5.697132106362242,3.088909778211904,0.009303612729439335,0.004312034845099625
1.476991245277377,5.748448170969483,5.645859497402951,0.002901532033059372,0.003930471814898818
2.2035035122590365,20.350332551604744,4.054667305480623,2.7759153229494986e-14,0.004873984464457426
1.4671566796141224,14.528249882980745,1.233328061507919,3.329317261140895e-7,0.004038525209604491
0.5672248005960201,15.960063340923224,7.146682910540148,7.730879306614507e-10,0.004640782200688685
1.5222119172921662,4.909474948601411,9.683403331251622,2.569261206028045e-5,0.004802274465154785
1.0938045089708972,0.5684388249857957,1.8663122598374398,0.009635226827486956,0.004790335132777877
1.245634501953634,23.7555762165615,10.274424875622078,0.0,0.0049411781445325795
1.5503299804615016,1.8521882495863595,5.379858965652987,0.0043387719601447,0.004713753112413564
0.7728345164226904,1.5749369933098438,6.92636543223505,0.0011830613176747066,0.004054234418031256
1.5955750667788067,0.5506274129446522,7.844491456906872,0.00023075716282457473,0.0039860490621053445
1.0186737541316566,16.2855370411643,0.7176490704797169,7.70202280753288e-9,0.004511252058166937
0.22607251014768553,10.566143290381213,5.70721431980665,3.1469681681612064e-5,0.00401947766526933
0.4932088316097274,6.933852991852916,5.775342399782631,0.0012737638827574167,0.004747839533796167
0.8374899311100495,11.358430962271292,3.5736616877042655,6.50137017915455e-5,0.004891769979447743
0.5658141979505755,9.720232589239203,5.673584113076002,0.00012998650919595378,0.004536695049064825
1.1206028819790734,7.240298810717023,0.9122586120261738,0.005418629630012137,0.0042876437132406695
0.7497831913579035,16.74509490216644,7.3405785341494285,1.113890028275105e-10,0.004543389759092877
2.0108832241880803,14.910898983660756,0.7583297958698365,6.782248265156718e-8,0.0044422335930042
0.596281396418376,6.393509364349715,7.904822523773269,0.0002007094820642539,0.004778206881735234
1.3562464690918232,16.15274440448598,1.0306760214871604,1.0487171558216832e-8,0.004889156964180312
1.085383830913218,21.32309224522953,6.071842154501808,1.1769905553976296e-15,0.004272544001811773
1.165949807109618,28.114961606126347,4.354684265851179,0.0,0.0046844585048711855
0.7455679076200319,3.1073716346306255,0.05370903012955974,0.011242078356274401,0.004832934960030631
0.7071323548353856,8.059157530427902,3.8617888454239546,0.0021358392561172533,0.004913135626196506
0.16327530121712108,10.472228230604111,13.141283603195806,1.6658629761885225e-10,0.004823975441775409
1.3877199025996614,18.843189823096193,6.007047306550669,1.9335035395562715e-12,0.004443500436584715
1.352333736302458,12.703164566109452,4.23948915543716,5.914210190786986e-6,0.004741296119867707
0.4763230718020121,3.6289707221381415,2.4215080343298823,0.012340107853540323,0.004954331747108767
0.12078443914189951,4.944604030970605,3.704886670816511,0.005975362821025925,0.004777035180916022
0.21062011873957365,22.31311203304357,5.519195416766085,3.9950071070939465e-17,0.00455678269213424
1.8278706496845067,5.8134329686522905,8.603458066631978,7.334675028513906e-5,0.004346244223671091
1.5149986932351014,26.809339595411878,3.0136747795364434,0.0,0.004769428763731639
0.5661930692724243,3.9187219344612823,6.114109588073097,0.0028708071367941697,0.003775251197133903
0.6570636331342374,22.351069197682403,1.8521025843158188,2.274080968653462e-16,0.003935923893903276
3.243078504942395,19.856071865705676,7.771236255625127,1.2906946038303476e-16,0.004789239704910499
2.092240191336695,4.511214452505809,1.5164535727963917,0.007019825410449028,0.004569110561933282
2.1640079486877832,11.756080128085369,2.487117567237966,1.5410407496449595e-5,0.004540136797932182
1.8471952757761407,2.57047225294113,9.219626188182112,4.484355187064648e-5,0.004718387127305265
1.8236583910072175,16.679018020903946,14.269149260470005,1.1370404843267357e-16,0.004350401385727526
1.4055169966629983,24.149126223404657,5.118919992270888,0.0,0.0048492882055567125
1.9200077042072325,3.5665203300747947,3.6185447157378396,0.007884738256681983,0.004442070308444802
0.5309028295682542,18.958531688297352,7.584921591575726,2.2845601795847715e-13,0.0040977214374853695
0.6855011315822539,0.4758853063356284,7.731002734216528,0.0002818427855847456,0.003923108047977903
0.5755421965116934,14.01161940663464,3.564034214820291,6.643949586142421e-7,0.004745972062178432
1.764713825362646,4.952538309504176,0.2946633128062997,0.00817903836967086,0.004846340979845913
0.18742416511517973,7.87516736828188,0.2871301587542567,0.0016473592353704611,0.004935471809211318
0.6790754702018809,14.029525126747865,6.54090717262382,8.981641898157956e-8,0.004562015430011191
0.7198488759612263,12.026472626949145,3.6093342103200134,2.239150793760839e-5,0.004827151563956171
0.6376971066587632,2.9541737078527923,1.2640439985331646,0.013270399475292701,0.004496736347556195
0.32200724549687315,2.0970507229516593,7.888111570085048,0.0003045004472531387,0.004646890703631079
1.538636425578388,13.182265878830618,6.881311888244657,2.7739873758645364e-7,0.004559131472911224
1.4987759039098898,15.237069604360018,7.2823026210580295,3.3331527904190555e-9,0.004849394333078566
2.053510892543737,12.930639161019041,0.5617745321635406,2.5126941678552435e-6,0.0039037097739860393
1.711842516721915,6.577730637918842,14.372746748016263,3.178738091413392e-10,0.004918973696098323
1.579190942971781,18.69707239974681,7.996134504483006,2.731109781678081e-13,0.004790578988219274
0.9143417047042919,1.622343269453916,4.033776213462567,0.009015284161773716,0.004610424013568254
0.3530959489619407,3.1362431735186234,6.991857808334952,0.0010447137171235188,0.004680794038761529
0.6045213356794159,16.397582260086477,2.514533673076276,5.562112559745852e-9,0.004636317618006493
0.38584685037141675,4.647316893997801,0.44818829044736086,0.00901464935007311,0.004576725036211699
0.7303279861910017,14.489649814679876,4.834420613466607,1.5418217337292403e-7,0.004663911549764052
1.0879179166409354,26.439277059642166,5.763590286547308,0.0,0.004663214883653106
0.525365076708154,13.12357111228983,3.0869781942758583,3.7337451252036543e-6,0.004481672017351021
0.7128087664468392,4.249359261432138,4.267801005049425,0.009038028212184628,0.004485359558656301
0.9476015106828575,0.550959858562892,2.966115551901184,0.008625781209165267,0.004004358030634142
0.11534818924868506,8.158841692068263,4.7808601369647175,0.0006777020627050793,0.004891551004551701
1.6235338029228112,5.105590627071692,5.3937379332022415,0.003833506497404406,0.004365205877675702
1.3305730929955908,6.1174843677678234,7.28136500725331,0.0005653202007743616,0.0049025605258091395
0.5600589849920932,10.793190438552193,3.566653257853894,0.00011946809116124061,0.00494103986992713
2.213461214288445,11.067803872354398,9.196948969859292,1.16520871574891e-7,0.0046332943387382705
1.6844802731995001,15.19476092335425,1.9445464262895094,7.214193167545536e-8,0.004618931773762718
2.2739673942620664,12.97600633728702,3.41809917660244,1.3226802180254405e-6,0.004230586866833275
0.7104213271621387,20.096961508052075,6.072848112555062,4.850860552720579e-14,0.004449940507854662
1.5435435266467836,8.818314184497215,2.9559725288136596,0.0013823783698228675,0.00456131117329855
0.7308672782134794,3.867233159647856,6.81630823896853,0.0016792886953186544,0.003936500212194391
1.417308129043392,6.627921768479865,9.281053764187204,2.565805689516016e-5,0.004468855063368454
1.5798463158867957,3.9021434121911485,1.7770839880070366,0.01326658880990455,0.003934495963053557
1.3239081692745265,20.106607201999466,6.9158109917744035,2.0915398746816073e-14,0.0047990395070966795
0.48176637011136625,9.475050114058215,5.691997922565678,0.00015608900159832964,0.004744624621428928
1.3608078949723466,15.508722448429564,3.668811742739793,3.415309823138753e-8,0.004787192767030111
0.6176608030105517,4.671551346163041,8.040305874286792,0.00032961538500318597,0.0046963919220386705
0.5074182799280212,18.682995720087778,3.467956725116357,1.2322252158035718e-11,0.004816269534624707
1.3578774046861262,10.378975276083015,19.306755257652306,0.0,0.004381940721568783
0.7286641399875959,16.625903850243297,10.457022717097107,1.2459658895867667e-12,0.004676402444295169
1.1509060854787265,7.561731531967575,13.706599563484641,1.377453262603328e-9,0.004860939319576796
0.6864651346942485,7.418356773439188,2.5276352843490786,0.004605014236969972,0.0038142768965826225
0.9901931889734603,5.4831989484620145,6.493309567984477,0.0017622583808429829,0.004644762613249146
0.3835517900804246,2.8494536553569083,0.47497681620744303,0.009859423861959832,0.004470496800222731
1.459382287791828,3.183086545932757,2.5759505314207645,0.013867325217740095,0.004884066511956319
1.7921497484537057,19.21632348369291,3.1789922086047206,2.410077156533894e-12,0.004720392121726623
0.33204860113621826,14.330092445778117,5.259855727349011,1.1181424842173053e-7,0.0045453037193869325
1.6193294061449313,6.935918239603416,22.54296496223775,0.0,0.004846962969953169
0.5790744767287286,7.486072396530602,3.0110529775167008,0.0038106307125571753,0.0048618660581562995
0.11479088069187382,3.283787300991456,6.8342972697979745,0.000913364992487354,0.004762188895948833
0.14468281068332017,12.540308489765367,3.037624524962533,6.424802898387398e-6,0.004953337456730841
1.5746484605160318,9.211151255827494,6.025440372131698,0.00016624176046699853,0.004668572567972572
0.5587875100838936,12.361508285706051,13.62166515846461,4.95470000580273e-12,0.004665590070842374
1.5490578026749533,1.4635767069979284,7.423977509664303,0.0005919267017096721,0.0048536136792259755
1.3215336816646603,3.024756361326406,6.536160982450088,0.00234232441541816,0.0047975338221518836
0.980838723959555,13.781182484879961,1.1006222252443292,1.5718035378687792e-6,0.004720946967654358
0.006703178899385792,13.515850453364582,0.05126503753642897,7.328663556490439e-7,0.004864463676489971
1.1012322420733764,7.799928883608943,6.692865323144778,0.00039068956046220334,0.004718395578288132
1.0975665835272577,15.770185667555712,5.2568496497229855,8.484036223952702e-9,0.004677947854125559
1.0834640397527084,3.419544587839245,6.403900232036872,0.0027821109388993658,0.004393900108591958
2.495794720666386,14.26952605050949,14.342858644502904,3.841352987589805e-15,0.004685872489628141
1.7228251082676929,11.169226438722392,10.289248677580618,3.789167982265799e-8,0.0047481164181329295
1.2851063777888714,3.7845483401180187,9.315202110964261,6.570079265312288e-5,0.004655579178669724
0.12126824010530168,9.478211013762214,3.3307489628667866,0.00037310402585118645,0.00462284083495014
0.06960613997088483,19.171352379287484,10.953461486955518,3.257467333476569e-16,0.004954589110175806
0.48147996481136135,20.150613687981366,8.176672427230892,3.180640273724435e-15,0.004702499071842461
2.4694062558299557,14.605233134777372,6.608725281964779,4.162274773635439e-9,0.004458049386626345
1.5489317848105453,2.5424825839695044,8.159572371768474,0.00030177322971740696,0.004126888254640532
1.1862951270578743,1.8146136538016298,2.6250290645859637,0.012898181134945905,0.004635597539008428
1.108118235656258,7.970976691643583,5.04942035180592,0.001367464941950753,0.004656620294620695
1.1129138122238094,20.698673829147726,0.45132905127870737,4.4949976119514117e-14,0.0045646939780572245
0.5550292729736779,4.988206005040674,8.273687745563258,0.00021127392559638444,0.0046276198059045206
0.7152787682256111,20.916870954509587,8.43840395157758,2.458465912057795e-16,0.0039098520093471655
1.0858870084708203,6.473037565353639,2.471652690582951,0.008384786764494239,0.004083528333182764
0.9068011678229765,1.0424515036186448,4.030140181457198,0.007679015102880844,0.004498903269108992
0.7476341913617751,4.57403188326121,5.081376116855507,0.005990596227272892,0.004399422830993689
0.4211335099427589,14.986591126192794,6.648110017702719,9.632207374182606e-9,0.0039916254582837655
1.1577406143420543,2.431049704880944,0.09168850967470976,0.011597520614360169,0.0037986276046857326
0.1078421029107919,19.447993520733043,0.9578250046113612,1.0125253320087539e-12,0.004368572077770814
1.573040649045426,4.504277063182774,6.794407762908362,0.001421515362491233,0.004175331076096651
1.1172172560937783,17.79564510125034,0.1362511589427755,1.572438506849159e-10,0.004768001586468392
0.6053186576851072,14.719798758346386,7.138187220774531,1.1505789069085039e-8,0.004617700327310942
0.08103187085456165,7.615897317358707,3.2182945644730783,0.0019211903998617998,0.004344511314195047
0.2740400133054308,20.23896165646561,2.316924515283777,1.359009225354988e-13,0.004612591062816594
0.4815174194353671,1.2692722194613757,10.433081483959224,5.02195623397831e-6,0.00461096189563417
1.6142667593989013,6.938589244716024,4.384964440389924,0.0031965037299010457,0.004722312872912492
0.5554585343855147,14.278969858767622,8.3469166400142,5.71933095744004e-9,0.004527340846204539
1.2990435987752496,7.821314858252116,2.2188296564229173,0.003942171084573622,0.004499191892752813
1.7301662546132535,7.2748117390613425,1.6301487188898924,0.0041875720431606015,0.0038772449321329864
0.13822131549702563,9.766211796193653,9.260468782705816,9.905519537540404e-7,0.004790253979583467
1.627969617268182,13.249127270105497,1.6792273375683333,3.384576707303844e-6,0.004736542552518918
2.3501694135053826,7.681542083781963,4.8298285839671475,0.00040284628334203993,0.004311052897123536
0.34317428470220607,11.397788775625225,1.0081683414821638,5.06567101481675e-5,0.00475630886059085
1.2733100107397093,7.159867784189613,4.918141941199673,0.002554533461002473,0.004327898193736679
1.070999358893204,8.130246552085941,8.206090846340096,4.800255996769388e-5,0.004662458185039045
0.006947476517157325,10.211154299288253,1.2981799263154328,0.00015753510185953593,0.0041476149833386995
0.6952068816816381,10.919249965852163,4.911339030978704,5.64116364103344e-5,0.004102282819568107
0.4630152890567055,15.003569202608814,2.8634868174110806,1.0082012171417975e-7,0.004581639030642254
1.4712425701357548,3.2969471160835773,7.680900190107145,0.0006310834087982473,0.00482795217032986
1.2944492458203865,3.7626329033932797,8.162072936866174,0.00036480509784506923,0.004711111452058044
1.5398317831411257,6.603350274105063,10.430015703562505,3.2322069221584477e-6,0.004028175181470205
0.9345560808531284,22.310372558799994,0.6129041569880527,2.458465912057795e-16,0.004907403742617302
1.6796410898808989,2.429758226539448,2.6559516498985616,0.011513680412799588,0.0036867015299615028
0.7666602990628659,6.505541475920691,2.223408009561274,0.007885701720808812,0.004597271528441718
0.4661706395921801,1.7280965610055699,7.926764588537221,0.0003065249344825232,0.0041447349178977385
0.34853786582908053,11.854285314226356,0.9285442043607903,2.554557279645531e-5,0.0048791293594261246
0.7697231428739886,20.895690194795115,3.5619703988840468,2.1191976161922157e-14,0.004944274429032236
1.337807647885763,8.17796784142686,0.4801663167870507,0.0024704591154342767,0.004800774509606726
0.07154542880210599,13.369542217994885,3.9486663662496166,1.016019625047619e-6,0.004861702702796206
0.8089835388783875,16.52641431698842,10.145104118697452,2.896417029328716e-12,0.004507260698119068
1.1866093814055747,10.134628120342335,1.2931897877446166,0.00043822596616518734,0.0047408513787856495
1.4086183445294205,0.4460628605626238,8.704998132719906,7.583236252452277e-5,0.004660269909113572
0.3219663443511498,7.6293643960560065,2.0521255398077116,0.003058911787444866,0.004730805327889115
1.0208743265180487,2.9389809798250512,3.353410538863229,0.013157102296245246,0.004715402125276208
1.2339290639949836,22.28804847696658,7.360735071065216,1.2292329560289079e-17,0.004678055200312454
1.5348568199368349,10.693254362633269,0.664892815110673,0.00016171208073936447,0.004934085285622853
1.793027847303771,11.813559300341336,0.7653595110953404,2.5534481556489553e-5,0.004622450120944833
0.7985107340289336,5.763227553913811,8.427561543140037,0.00015038210046119927,0.0043703960047240965
1.9681602321356757,6.911609758887882,11.187594745467779,3.523324541314903e-7,0.003963091324827632
1.2922914708770379,13.897012414046255,0.9740838299681519,1.1951727571333304e-6,0.004287073725807032
1.1208162961847354,3.4249049329142762,2.100429074366818,0.015346117888225501,0.004800414146201443
1.9818399226552947,22.696198084135382,7.957756760060775,0.0,0.004150596317616406
0.6029623282093902,3.479531265248056,1.7608418822075844,0.013549729678842692,0.004622519720863059
0.3894005280665327,5.3800162451517055,6.053822822170417,0.0019032472194334387,0.003983297944630979
1.1342290001111457,11.57833510612864,10.447016598416248,2.2724630104622847e-8,0.0021728139605182916
0.5564021781658386,6.806913232136184,7.814284132010217,0.00017253937431302614,0.0046325507209234945
2.425766980779527,19.98743682956096,4.883113668343773,2.858888547481281e-14,0.004509240932914163
1.1511299071008647,5.813587576059555,3.599085508164503,0.008673793635458645,0.004496148047448064
2.289996798458342,7.508479456330811,11.100642548743012,1.3637758345373273e-7,0.004804469348390866
0.22602698317135878,9.329784325953113,5.584041837834821,0.00014852639996128673,0.004528841148647658
0.7152988254334443,6.417920645728403,7.615886738423734,0.00030887369859013505,0.0038856453390376995
2.1482822591664545,7.680231354870038,1.7656733566653382,0.001628638197370855,0.004602711703137651
0.5345581140224644,29.473972890818295,3.314883175597326,0.0,0.00478658314595697
0.7114467146445941,2.7961883277546633,8.776479086718023,0.0001394490496465598,0.004746769457376103
0.6490455561267934,1.602003367946546,13.976602572289888,2.1830245754851224e-9,0.004888704533874306
1.3427623474158419,8.352674516750149,10.750483836520033,5.468202583096124e-7,0.004371774647638811
0.9193735287579525,26.507459508900627,1.7670415222523015,0.0,0.00420035280016967
0.541536326865795,0.6845469256051908,5.369416613323232,0.0028041675545315598,0.004458154658983384
0.16741399460205142,11.949270447836428,3.8162280293015898,1.320307501877919e-5,0.004550684805781977
0.8440444384089419,6.836252381205286,0.5307659814479067,0.005955732244832129,0.004863401743848054
2.499169237839044,20.49025603902211,3.0726848327223495,1.1195239147028755e-14,0.004297496795926088
0.9262254166565733,6.433012893165765,1.9032610170298243,0.00860417615775517,0.004662573239119724
2.1458581470476643,26.960406045970096,7.544777725532494,0.0,0.004184739672471644
0.9736032024696142,2.899590134697929,0.9112042128120181,0.014107037727235728,0.004100125704057029
1.6151822464319414,18.015511517248974,1.5059661141428218,9.381356844121086e-11,0.004785666942482287
2.0319720893583963,0.28853641973468624,10.467410753446423,1.6841919017542996e-6,0.004916575866646443
0.8109959475147077,18.02901780477039,9.48363045854452,2.146302202857633e-13,0.00431733411516256
1.7556907889925308,16.37184946711875,3.1403734088545416,4.0559929974893185e-9,0.004636347232532373
0.9931187461011144,12.07898986542021,7.156693379305612,1.5321747745090364e-6,0.004409562776412549
1.3993326985714287,10.375779416298556,0.8349205805187772,0.00027810755744441326,0.003760606011766475
0.1226765561769696,12.123681719248118,1.721049820565483,1.3745734832233043e-5,0.004759683094518749
1.9198379621280146,11.370553185486209,2.2895186393975613,4.568961034889592e-5,0.004509989567594759
0.8484035634565414,21.100350915070123,1.4470286198136293,1.508268837046649e-14,0.004019969133568833
0.6577121392150354,19.062361836899786,2.778417773110388,5.800439936963513e-12,0.004661414934059491
2.3351503065811157,11.880155815342643,3.72122637025695,5.979441656892385e-6,0.004402045043373673
1.1351707201429206,7.742524256790273,2.265750815163741,0.004282028109728861,0.0045495620657318835
0.29570962504470455,3.1698472477551913,8.059326886227009,0.0002721741883065645,0.004010304443872112
1.6108636954301183,1.4201026440747548,3.0468611373391017,0.009529462308264736,0.004158923085415226
1.1191728398837202,6.366486221922961,7.635547947648082,0.00034277731195785435,0.0045481726710211905
1.4606305692071284,24.105301986147495,6.647660263866253,0.0,0.004928280145189243
0.5996787231492529,20.104167064168717,2.76012877688865,2.69755172197915e-13,0.004802583871724037
0.50969200851611,7.461891361245776,4.226452106105965,0.002447071989371286,0.004581413819268495
1.1301439968630365,14.583693273047441,13.844415570314398,5.89908895597016e-14,0.004160003547077188
0.12016407046379517,8.397957295601055,6.224471567811749,0.0001831146851014319,0.004558381382064922
0.8084521878728387,4.014067417816937,9.509880049724384,4.5701217198975075e-5,0.004427910473298321
1.2395894808053458,10.702912419145793,0.7958700829744316,0.00019395065790725252,0.004428325417928211
1.1680457075604997,9.25930837692803,5.824378996512544,0.0002316076171815602,0.004187729213056221
0.6129691779153391,6.3611257970829636,7.875854464291808,0.00021464094376601094,0.004853901148165586
1.2568850491246348,18.387580216947676,4.6765551873708695,1.9405169269615405e-11,0.00457761872055284
0.6161920391950593,6.291531146839327,10.876298438323275,1.674106065833832e-6,0.004581861950609495
1.5095943471616327,30.859087384329108,0.9093871680877188,0.0,0.004308523916511945
0.6735491495535441,12.80008180203729,1.4019345689635765,8.251860863780126e-6,0.004356791419466987
0.5248753164877507,21.200703733864838,2.0227542487489707,9.130127780901706e-15,0.004954172795881052
0.9987173548043002,12.895431205946629,7.414611542988453,2.9774549703182467e-7,0.003915159759533346
0.9009657161242479,4.914725366133902,0.6146583992120402,0.011716767907161628,0.004294415608611689
1.226676867840491,6.825896972458079,4.919649356000036,0.0031425243744352947,0.0040792039468516995
1.4611542909806665,11.451864713183008,12.968587506374616,1.0691238228354995e-10,0.004927583724304727
0.15596863633666452,1.7856272458982658,0.2154191796554364,0.00624812916367739,0.004108512578239437
1.4474117541883418,4.083456861415731,2.24618099696062,0.013881455294512863,0.004328022585797925
0.7208581838424665,9.696991316797472,0.5121994673172503,0.0005536027660913837,0.0047095919661789155
1.8733483604941936,0.7324470848994271,5.426948703357436,0.002042080559866262,0.0048546124476862304
1.1960543056453143,11.190272430631033,2.925420527805226,0.00010337358695192226,0.0041317000267518875
1.274674475693724,3.6199160533517625,8.315984651220088,0.00029973609781893995,0.004755425954443908
0.5310775817686517,1.603174650442083,3.455548631043392,0.008974144968087272,0.004586107111879325
1.9151053665987319,11.827282360053307,1.4780902410127783,2.3341590933121337e-5,0.004127256442895108
0.7191430491099743,24.142583225621596,8.589819690946733,0.0,0.004931385537861396
0.7509377664363075,1.0960535260647428,1.812635934940852,0.010627327926013147,0.004531481036437795
0.8618869218242997,4.825423591630835,7.3731060595728195,0.0008276664094936653,0.004529627258647098
0.627755910192942,8.094983654784006,4.136234118053233,0.0017576449591535845,0.004945865950622873
1.2139857708906245,10.314711645244902,2.1851498116712014,0.0003615956229449316,0.004805475358581095
0.8453985444782326,18.432733003909654,0.46068977912250375,3.1349333938620126e-11,0.00442981785000865
1.4561333397787741,13.142892044107207,6.8378264197314325,3.315625287419248e-7,0.004713646197302049
0.45535984322533013,9.983838011856186,9.289317217093084,1.071896898746015e-6,0.00405590445608541
0.6393653339369114,2.6615468043255537,7.546224192514861,0.0006911547118166019,0.004505887994411149
0.4076000785674526,16.84224389351268,3.237859592422022,1.3850157181098472e-9,0.004702490214116659
1.419769981071314,16.675443833456583,9.482476389688978,6.0129681688054275e-12,0.00459767637010296
0.47066825381687044,7.965896672147373,7.006317967048119,0.00018346665878216892,0.0042261399578929545
0.8539853636145256,9.851918891147301,6.2200487599398695,8.179612392955367e-5,0.004907114739460475
0.3913857460712691,2.2876429266624037,0.04151938156182633,0.008319100067241429,0.004537642944467039
0.9324954338322998,0.5818737183851521,11.608313284358317,4.5901423066497594e-7,0.004700390575496434
1.130991520347852,22.836297447916515,1.2214792546157225,4.609623585108399e-17,0.004782731815469331
1.9379593911697106,2.2045791644677752,3.0201478798544175,0.00810365417607244,0.004586993028784576
1.0372366461048976,10.876968414035069,1.0379347228042022,0.00016541902811513585,0.004904282596995116
0.8646609193321445,7.576966857103116,9.024995066598057,2.1752907960368865e-5,0.004536540902544272
0.6759673801288708,25.657610065136904,3.38903037382928,0.0,0.004644587295988659
0.5036529991089497,23.202448332302342,3.612351320859398,6.14616478014454e-18,0.004712173288535384
1.0339069812395394,11.0133052788778,1.6667612148064719,0.00014835970763719296,0.004635603592024632
0.8305792404369592,2.5915959243652216,2.954477305361603,0.013304620418401953,0.004692444146148916
2.806189756913354,2.2502270402891336,2.1730126876786184,0.0010391167914224249,0.004357979646506971
0.8938615982387839,17.437251868874174,2.063698274985855,5.389051855978575e-10,0.004675725841642359
0.10821190524017099,1.7606848969425486,13.873116062867158,1.7222810270574255e-9,0.004935394354788141
0.039735406360099756,6.770907590829651,2.213017554181288,0.0035663471698145085,0.004958190125132964
0.27114423074498223,5.493981299396655,9.515087580574233,2.021089222625466e-5,0.0047350706303793625
1.0761053301564267,20.854437003017626,3.397329260519659,2.7344287106836055e-14,0.004003470494872906
0.7253353421359394,17.877159027277653,6.67501214987348,1.3629522967052464e-11,0.004489991327259782
0.9313480382024107,6.928361608373346,10.705173666538842,1.8601637554561748e-6,0.0045573816166665625
1.0519604685756159,17.790900303703296,1.9634347436726196,2.243994982169518e-10,0.0048887412492483896
1.7269883503249024,9.525739521353108,0.6737184177287502,0.0005372940680158674,0.004121226714075953
1.558665023174445,1.0202949310796494,1.7084802490646123,0.00975174845405983,0.00468222908559754
0.951083515858606,4.551295325064498,6.776591259189696,0.0017198307480638215,0.004730616398974398
1.3702660994420905,2.575192906366346,3.78863279102966,0.011064231104024843,0.004606402724931132
2.5495983909746087,13.796916481053874,0.9234600007286877,1.526200451877486e-7,0.003811192751199593
0.31239283564664533,6.980814969236517,8.986821180752543,2.3132024783408596e-5,0.003803911600688126
1.0887902649447743,3.7133124129981865,11.10563918071226,2.6327059591841982e-6,0.0049041975643922585
0.41152576381928535,6.145253133383297,2.5618764508648564,0.007097258062324869,0.004753246682635801
0.06770125660642291,1.5977101930063091,1.538921461737083,0.006842989557114795,0.004780547324279679
0.8330534354624888,18.3665211571551,9.755674977764796,5.5681179825607464e-14,0.0047789074721645165
0.5684329222605768,12.318676224728481,10.954986998444824,2.286731267832143e-9,0.004829577403078098
1.9420742148769066,20.879563016747074,9.487949474434792,2.7657741510650412e-17,0.004718359550086106
1.272230273031988,7.551282242134762,7.2546253897862725,0.00024734400958164606,0.004603973211153592
0.8558176207348481,9.07628751947997,8.769345074285818,8.475058833991613e-6,0.004616028510944428
0.585814275621109,12.610259557809616,8.775797391691434,6.388137091343927e-8,0.004956088961129888
0.7404392693238158,15.132877256980283,9.191778128102444,3.1966087719090064e-10,0.004836216548088884
1.2827312729404698,7.000049733358599,14.201259413505952,5.354270464991107e-10,0.0019614469414477895
1.0736543024987841,13.22776361243735,2.8606950164150855,4.207774462627972e-6,0.004818992149155784
1.837206944524302,8.247218852409597,3.4831656248050558,0.00142905891235155,0.0049522698496123115
1.1437865613351064,16.853112388426467,6.480267544512438,2.3628663859318544e-10,0.0048159065472406495
2.04367354925896,2.0274793367779935,7.092286594326007,0.0005161002445447096,0.0039390211978697085
0.14948804508932098,3.0325593869978205,0.33140856769971755,0.007611436543094832,0.004131260898950143
0.6446190970488439,2.227280819827316,3.9006517014476567,0.009556270139751188,0.004541169574605748
1.3279541584542054,17.376281848156495,0.9749171281656711,5.548747372573229e-10,0.004794345486948081
1.4237033684113247,9.473386214509848,8.548805729961527,7.212136351441235e-6,0.00397413475681593
0.7355616053389354,18.0655528776658,2.5803092062987356,9.514013512672487e-11,0.004432515467330133
0.7749138994104763,14.7763301484988,15.266776292431047,7.375397736173254e-16,0.0047638619977376125
0.3376520346466341,0.9438489719638838,5.980775627836402,0.0016216324797895664,0.0048180401037751595
1.2184896208903533,1.0044631010973089,4.418304581371339,0.006588433566207907,0.004346547241726139
1.1455594174822892,6.453086145764751,4.28558118318015,0.005310159781474649,0.004708042046219058
0.6034866108730453,10.969860392550808,10.180723491744379,7.513915584249733e-8,0.004577171377227308
1.4300435519433057,7.9620013768103775,4.022809763064104,0.0021788025178136653,0.0044280053989783665
0.5264033326873324,5.770640292860902,0.9829305206664072,0.008507733032473127,0.004885546592203334
0.10140259945893504,0.450424682779877,3.168788967655776,0.004242726433809115,0.004073488369678504
0.5283818049840036,13.53665805240088,4.738896903471852,8.729181061814367e-7,0.004812993642552857
0.6901008206502144,3.2981560590129564,5.8687253377771516,0.003862913079413264,0.0042715716454351325
0.11973302989780671,10.10376798870648,2.496058257514633,0.00021762505415716494,0.004781033782031256
0.9067792079169685,7.5695488833584115,1.2641468408014642,0.004569789442319214,0.004217832987272319
1.3983730328316033,4.335522683987396,7.261276947504049,0.0009987128873454735,0.004912910085362414
0.29727956455886595,4.753281077432903,14.955861715496578,1.2183086959247366e-10,0.004089448922100882
1.574165082241077,18.971568165822006,0.29159481864968395,5.571725780176351e-12,0.00426802138337097
1.5559279028904038,10.561953734076083,6.5144907444966975,2.1914256617451698e-5,0.0039000485150815496
0.22640989706631676,2.813406754841632,1.4696936171179336,0.009888461044115301,0.0045323926161386745
0.9209607846166972,5.657509848243204,0.28578042754955213,0.009141048362999157,0.004391794212623224
0.25158354469517347,2.2783769691507163,0.8131186846403501,0.008800831034511965,0.004813112712998518
0.6571315798328669,1.1305761691174658,2.190321509729417,0.010231260652276971,0.0045161058010448115
1.2610520130576002,2.1248296512182465,7.555167974034317,0.000708660622165548,0.004183868128833077
0.46635428965654724,6.444532164757693,7.488352988167457,0.00029466346719790766,0.004600106718883046
0.27313760339591614,4.1529037991606845,3.7726494363377236,0.007895171189639099,0.004781995744479149
0.58619281163718,12.721006125233194,6.097105482023972,1.3494323161845391e-6,0.0048077794701671716
1.47416313372874,1.2213082904223276,3.687154283375695,0.008437151310773786,0.0045768515534981066
1.8556035099142054,6.595209044827291,5.425190039448698,0.0015619138005074941,0.004236545054068682
0.7929684524033124,5.590872692591543,3.7402590657103434,0.008482432669746876,0.004210947204192874
0.14650939516369155,4.861334092605804,8.772412000635523,6.758103934960296e-5,0.0048451076838968675
1.3842197533566056,1.804368429007397,12.231464682728344,1.7764169574201164e-7,0.0047254652867228025
1.5961287454160717,6.683636365283393,2.0525405374838583,0.006548164912418746,0.004271668089849499
1.2139123983582116,10.983404613188629,4.7593624146075175,6.30618626994556e-5,0.004317065936904847
0.8875719411112286,11.918956014222516,17.06289481489919,4.609623585108329e-16,0.0049063156717342425
2.2174506907776665,1.6356170786623387,13.178199618637723,5.547290244229861e-9,0.004236379537941084
1.44680253078037,5.639162396791113,18.871583596448207,3.134544037873681e-16,0.004229661159769299
1.5531302063902375,14.003989480890318,10.759082342947146,1.7048749576539971e-10,0.0045638728196877865
0.7159958358571347,7.772454255558109,6.749324337929749,0.0003398850074170425,0.003988274688929843
1.0369102303952717,9.548663142226072,4.614728364682686,0.0004069565897075496,0.004687131109445827
0.8940681042421103,8.609026585217435,5.14641298276335,0.0007250421320420625,0.004733579543847283
1.9313133337392028,7.262626409831652,2.312284066551898,0.003207661776852144,0.004276595267168214
2.9655545327800747,17.64366139811662,7.472112511702964,2.625825978996243e-13,0.004612795914148716
0.8290447588356284,3.5569972455859826,1.8620684370002718,0.014813678937025825,0.004628552325335317
0.5349935977230746,9.20129126881397,1.778549751307654,0.0010038845456047966,0.00471429372770988
1.513758863428063,7.140556330088469,2.043215000368223,0.005481940509022456,0.004058873693514977
1.0588528678242188,8.747034377981436,10.655018491786727,4.843052589918263e-7,0.00480688197107156
2.0291840561987384,11.50990257834122,5.530699741127946,7.407344607471826e-6,0.004378776598460186
2.4110682025322374,13.292988474226512,7.056820729169829,3.70705595546089e-8,0.004902578782046079
0.2571084977623911,7.695141727343533,2.351421127580423,0.00266736226689461,0.004782392588328529
0.27150010802499147,1.953875343457761,6.089128042862644,0.001906205761504357,0.0046118147280938965
1.1750176872415623,8.35394165661133,11.225820967846403,2.2324886011786512e-7,0.004428801165776595
0.6332983614025975,3.086022293101275,13.821373279659554,4.28267414066911e-9,0.004373936035877492
0.8561633488632904,4.860993486994509,10.2515568871328,1.0863479142959666e-5,0.004808886568374719
0.37512977915185475,10.324087654642987,6.090248400173824,3.683784089606117e-5,0.0047186340801482814
1.524570210027564,3.762070817536237,2.9783900545928974,0.012714941126096408,0.004620573803237036
0.6230198658707007,1.709521030439234,8.800644376967478,0.0001020943827461261,0.004121599281667417
1.825000017686552,2.453770419279186,6.706942230378017,0.0012214688287176697,0.004822584330653455
1.570190847296193,16.386147541209038,7.101358074412606,2.974783917537308e-10,0.004882927296357516
0.9597936538697156,14.173473307690635,3.6112894491141194,5.800538580356232e-7,0.004924197188155066
1.7969964276024712,20.412013354549153,1.8363514890161061,8.347721004367143e-14,0.004872356470526485
0.6097572768060183,17.77290365519175,1.0353171933181482,1.809308221998908e-10,0.00478399938743462
0.9214179231118671,7.244523962411955,1.0967514663352222,0.0054629069147330645,0.004713076033902357
0.3858388610886902,4.6803949262065085,3.878561020994369,0.007867546241038123,0.004630697153825375
1.6635800136056094,4.410349620700845,3.832883382624205,0.009015065702425655,0.004761492951679857
2.0348970610349584,8.055905231053254,4.69729097922124,0.0006851677801076742,0.0048867935857216434
1.7288942659902011,2.536893188242024,10.816248709550806,3.0731264683302896e-6,0.004332698875397462
2.451283194783471,6.418586681699965,8.436564899692446,1.703841673798156e-5,0.004684595445861962
0.7934611648801234,7.2253124943036875,1.2118375554867526,0.005382605680902928,0.004759958753251078
0.39958467441673373,3.228692091842069,13.562899558858051,6.925422025693931e-9,0.0045240353438412186
1.5352774644751657,20.5726845828002,4.151108666029286,3.9645835914265586e-14,0.0041257856343756335
1.8900471412746924,0.6226869119691654,4.194255406624246,0.00385346750794102,0.004704763799285309
0.10279726825436691,1.277122652146937,9.910223350457029,8.206194982463627e-6,0.004203678230707097
1.4013156594181602,7.015959896887431,4.58207000071184,0.003200525888262512,0.004679190696229028
0.8444794146800256,2.222952201192865,10.711611564651193,4.928929119543743e-6,0.004548905119105444
1.0159041463297767,9.69488333542586,5.911075294553391,0.00013432477078610433,0.004873163614695466
1.3137773111782869,8.451937161355671,7.1714931719757224,0.00012752808725566457,0.004939522820713157
2.322396879387539,19.06807689359094,0.9033190962231226,1.2825632277667943e-12,0.004858608022879561
1.0072881517649077,7.512515316521076,4.84299934635901,0.0021726530517210034,0.004822549813399813
0.9947987910229581,5.419443940865715,4.44394156062282,0.007244467614173127,0.004109302855989251
0.9987491945441014,13.865148331612193,0.4672836608010351,1.1526635469653623e-6,0.0045041468550407185
0.8796572271461728,3.6628600160376052,1.5514249247875167,0.01483387699655115,0.004624638902301786
1.8357587570620582,18.187129143425928,8.289065526902156,5.347655051804848e-13,0.004716850636085658
0.8472867608736173,15.93206741453042,5.705423566746065,4.005745555168535e-9,0.004414369665625645
0.690975266590233,22.57790372680169,9.332630814856568,0.0,0.004191677039486857
1.6234475937525807,3.1004083688916375,2.3263844637855886,0.012928400733233439,0.004899227395453338
1.3036428210830187,16.119594781900087,6.483356645272218,1.2684223165484649e-9,0.004911106533799365
1.3760039671098276,9.414523013862627,3.0034089344796113,0.0008442730969988007,0.004517760255843214
0.8465356151985951,15.6562500902172,6.290902738445826,4.384975368081765e-9,0.004594276057502191
1.9244331182819558,23.43085204537438,1.1086775785633634,3.0730823900722705e-18,0.004665658118866623
0.5324645119934945,0.808240405848015,0.12408831556891764,0.006568550819388547,0.004650106684444761
0.9744394792506375,13.063423094263507,6.6586690279456615,5.194511166868428e-7,0.0046424884382798865
1.5786817933877042,20.87266409969109,9.14779453473266,8.297322453195107e-17,0.004611432092264473
0.4896525804156212,18.062847302671578,8.046593884048486,1.3831605797961219e-12,0.004893691930307645
1.8862474659542132,13.666627898367299,2.72212807932161,1.0522903890946543e-6,0.0038524997413795256
0.9433284904947404,13.427532693071853,6.061763829976844,4.851144495063265e-7,0.004742284270352001
0.9086214435463114,0.8407706772545689,6.581815211425866,0.001343072341691541,0.004608240763075001
2.916634864323097,9.124033434177571,1.6102382902152408,4.0086872340971094e-5,0.004322465627446599
0.040086167305386666,16.03443093446698,2.061897335075457,6.666468210684366e-9,0.004915090406133196
0.5382384668682494,9.947501967861031,3.5076352779312194,0.00034288992098450576,0.0047031969588640305
0.712354909128211,8.686955277251656,11.572981066759382,7.332870965534758e-8,0.004817191124005643
1.6955969761262306,22.26290309216325,8.87259748624444,0.0,0.004812685950824879
0.501371327306944,5.515524063154992,14.586895414317954,3.31363500403786e-10,0.004526607034301145
1.8048018869706215,10.70918531460493,0.9629820008147603,0.00012525049727793344,0.004740632525270901
1.1041774157440816,0.2738525376103649,0.7687167297791448,0.007725374370204028,0.0048551345735515835
0.4648416632938186,16.138478701798807,5.0653126298330005,3.1636075742623613e-9,0.00448994157541371
2.167513705005067,15.830986081533384,4.820216465325672,3.0685492257142873e-9,0.0048198245906126945
0.9975978321793977,2.1896197211391484,8.267734472364014,0.0002912351874744827,0.004819543680477465
1.0848169793129574,3.4730124870424928,0.14589952837778974,0.01242330021402402,0.004793455334644269
1.0246578462196883,8.04720371290627,1.4900503492721726,0.0034328392107003114,0.004783777757944032
1.2613758918741942,15.321701266794133,4.905590833262878,2.7974731363185547e-8,0.004864094140429556
1.4379907607483924,4.155109423704216,6.293057024091668,0.002655157373558764,0.0048850121841012145
2.306802359356099,1.07861053913523,17.308334813259677,2.0715648391461676e-14,0.00382703758907946
0.8802929802436266,3.156190535494863,3.5046571767688635,0.012564851039277777,0.004376041383425799
0.338629250055504,0.8226036489897104,8.579320908352276,7.768580766639591e-5,0.004218630193969225
0.026090616207500972,18.047704326055744,8.810888009499223,2.7248714244263574e-13,0.0046956671722542635
2.2367948879148036,9.472594647737424,6.955332787612521,1.6298903621828475e-5,0.004806119413914462
1.4293628077440994,15.13991451653556,5.113994256200372,3.300101044073903e-8,0.0038093955379859363
0.14315330818231597,9.436136645512535,3.0971948810285657,0.00042985306312870854,0.004604626644170116
1.910389562253132,22.80999919177163,1.9540559686597077,2.7657741510650412e-17,0.004957877480261341
1.1156407454322823,7.734794725109406,4.094028935621274,0.002743609012443216,0.00451517214124559
0.6444161500065707,3.227137197268241,12.152415077951039,2.487392109569243e-7,0.004591433208663172
1.6944212203564573,20.159020115279834,10.800684619970733,3.68769886808672e-17,0.004563445762346709
0.7131262788020337,9.565305700103746,2.1615085054376753,0.0007803316801255406,0.004473358032111472
0.22621977151457012,4.97198954866533,0.9069759646826991,0.007986890974821524,0.004884657155507651
0.22774412675481465,10.023300540579111,0.6030933687731295,0.00023842537007982365,0.004777287476950151
2.334468457787936,13.563487301375467,4.862270790005409,1.9628185299759504e-7,0.004328941586863996
1.7126436650215016,10.757002852860227,0.6248511331196684,0.00012252305175105034,0.004121571388934415
0.5776886988933247,0.3523632688726348,0.4589159720251934,0.00621624869325133,0.004923851017807382
1.553105561453513,7.068017651757351,4.198561569089159,0.0033994285419482934,0.004737754532909478
0.14179605854399602,11.559146196479858,6.721360705121512,2.7618223229032817e-6,0.004829137411071824
