"spc.k_D_z[1,2]",spc.log_e_M,"spc.b_z[1,2]",weight,loss
1.8538982799346109,6.699984048776107,3.8575070783625316,0.003276645813163297,0.004544320319589819
0.16074922285897056,2.942072850481071,2.7454802886950818,0.008841502170073276,0.00471476532764174
0.7680322515716707,4.675738743037128,4.344065278195985,0.008138194214242417,0.003928584567447539
0.3490762800001345,3.0163127643996734,4.62519213099632,0.006101582778518269,0.004688418684164434
0.5597128778017392,3.7876138986352506,6.315360286072398,0.0022850511502282987,0.0045314487920664155
0.8561613778315655,5.996554322476478,1.2001306205808069,0.009144034345179658,0.004109224497347049
1.8703668130303224,26.94422974927574,11.664072168561987,0.0,0.0017216601799397299
0.8527114779742775,15.406543878160125,10.830741857801037,8.800511873970984e-12,0.004701361153295857
1.8752109593507715,10.842112935125,7.404361796625178,3.433511245708932e-6,0.004471813692351636
0.383968368887618,1.6258697012952075,6.697987007469839,0.0010506578668883976,0.0043410522525929585
1.1487583027717445,9.822075401071396,6.743500822942542,4.8628151737407804e-5,0.004704638388685237
0.5554606163715232,0.25473499211609996,4.841155001665456,0.003131132320796582,0.004671915100577274
1.3414659887304372,7.4543233779695415,16.896805418959957,6.125429619771779e-14,0.004412152163693217
0.21803611633072054,4.66534550575808,8.182234777042483,0.00016038276822865504,0.004662021505203851
0.5203179312814966,0.34853335766777604,1.85770361215131,0.007000094118633523,0.004568217127487559
1.2087606764307557,21.347069576098768,0.515859538800544,6.678762445046875e-15,0.004545828522870115
0.17953493814377033,7.414253493442497,3.515270991829068,0.002323171012479593,0.0047670266222977304
0.6477378448464923,16.254880071497606,17.440355576309173,0.0,0.0038949020348260322
1.9462236644766124,18.966347452906092,10.96846107617744,4.992918274662418e-16,0.004564006071490309
0.7468254079463842,15.410780448544246,8.993721382348314,2.2772843380822783e-10,0.004637216740648369
0.02118878396194812,9.212262375685679,0.42302097859956644,0.00041478803353081384,0.004738876468328919
1.8842037004451513,3.6147519062731277,5.326098413250563,0.003431214357560516,0.004924811701730808
1.0336362946900186,14.900929461620677,5.62659962720001,4.2062651035960045e-8,0.004523814814878642
1.2184684879952343,2.7278278573663317,10.023160237614988,1.6066814374348642e-5,0.00479733955700966
0.24314695936064773,5.625896006762595,17.57810694515773,1.0376458979044551e-14,0.004358200375005054
2.349018168016739,6.787599557070381,7.297595845979754,7.250058936324033e-5,0.0044667688360721
0.831385534925738,2.8195550079932725,8.58939631022944,0.00017160324816353434,0.004368517627092573
1.8045986794374298,23.87951161002761,4.103270054431863,0.0,0.004882451135842663
0.6499144864319968,15.84263895426743,2.556175686617416,2.1950723538458865e-8,0.00459168508944915
1.470346036340305,5.633578738147483,14.937118564038192,7.63526400051874e-11,0.004782074138372395
0.15986126715619106,7.607333901237669,6.969877513173393,0.0001635346495726264,0.004862612601405477
1.4472620395490905,6.694509111947449,2.8295869280893173,0.006289064728113541,0.004947715684045168
1.1886745837183437,14.545701053127935,0.7963669323072969,3.379996946025299e-7,0.0040844338574131285
0.12226168715416458,15.691562854545571,0.6985346528389191,1.550813483631096e-8,0.00469464321470807
0.7276694809446361,8.670880026289675,6.501933398444104,0.000192757543174519,0.004456346159963705
0.6752293853719078,5.7986779726547155,11.708759116495953,3.0114007817983973e-7,0.004581635765833351
1.03458603959024,0.9232774014764091,11.625570693330078,4.053437973807065e-7,0.004362707477975496
0.977959152304561,19.131940739513933,1.6737714654289113,6.584775162405135e-12,0.004839788325673634
1.640830176322988,7.779435312905756,9.911959792134105,2.663092649432105e-6,0.004204046901206048
0.8173289315540345,1.8164805601473,6.530063324179983,0.0018009868792611117,0.004903238670002829
1.7794928750121892,13.326185575829067,6.649157363095597,1.9972052988878098e-7,0.004833386113883859
0.4084886503625863,13.067659768398807,8.35846096616752,4.302095481783576e-8,0.004598108279297446
0.9353580247296372,5.52723304550657,11.827900685052382,2.8797217155647734e-7,0.004765694966824527
1.9961645651066382,17.311139794936853,12.080515556220547,3.1866566635342193e-15,0.004066542284705506
0.08212126946752696,1.2127733330197557,0.9071273852184438,0.005663886568120805,0.004866880348817656
1.7571891600678802,4.2407062689894275,3.9686478650325254,0.007551255934508116,0.004549072195694648
0.5630762014002804,5.567434966650347,7.187934999549784,0.0006285566642385127,0.0044130434426974275
0.6547632796007056,19.29390902007126,6.44401134269175,3.80924420222267e-13,0.004694207357048466
0.9172329008548072,1.7323778312290634,0.07952301732063649,0.009538355070155867,0.004850170512489277
0.7019723586916219,4.721753295805715,6.622652201136158,0.001638604810660007,0.004483330202652382
0.3432251491897069,19.062398420234196,4.78961226792436,2.205836049432971e-12,0.004414633928746954
0.06247561210974226,20.137592059464737,11.745507913867561,2.9370107498014775e-18,0.004942230082598272
2.072026645252264,14.69840297089369,2.320903251007583,1.1152849418518608e-7,0.004182751974654219
0.6359076096624684,10.569550346869693,12.167206302710674,1.7499712319418514e-9,0.004604536877742607
1.6558195293224214,2.009416287853666,10.562098539221774,3.7297230938658704e-6,0.004409167172155851
0.06434539998117891,13.991470058536422,8.639262258865632,3.453106876739451e-9,0.004456167879768708
0.7184880600415686,4.795736534599271,6.71307110123663,0.0014842539468182124,0.004738064700546747
1.5568783858129183,14.40019757156959,7.54756746999683,1.2131250806861721e-8,0.00489969861501915
1.2049027591433448,5.211129106854532,1.3684331353373447,0.011690707549682664,0.00423807017340622
0.7815341564709372,6.731390405023987,3.7819771349581326,0.00515880910727269,0.004355922018525156
0.40627140319841937,10.293680894270185,3.9029651507987912,0.00017284868177076836,0.0048810005654403845
0.3136256380710768,15.115720892440962,10.39944718669352,2.5354914203638407e-11,0.004483884445839613
1.8404754665640752,17.465997071921905,12.554449418502557,9.25158386187433e-16,0.00459479428478897
1.4237763333454523,0.9665959019537986,12.10461891700694,1.239580760550438e-7,0.004856106940002571
0.3742484496278011,15.129750004078442,4.663531867948235,3.6559871749323197e-8,0.004040219997792484
1.1571820075172743,0.6208058573106583,9.99710303253945,9.075461966639171e-6,0.0046312661758624715
1.3308184519534356,5.395305662180146,8.296119065352919,0.00018246100934076297,0.004916928757479961
0.6306819314873213,23.094036054524928,10.816847419581663,0.0,0.004868062053267097
1.4204745058890618,5.924883647503477,3.537957474574587,0.007478029752078142,0.0039179729286665955
1.673548930974209,8.850186973930477,5.160046474745115,0.0004022495545326264,0.0045152133846742375
0.7547302507296789,5.881743842824626,8.787711835537223,7.220434852227785e-5,0.004571606117887272
1.494685238225194,7.5414572274328044,1.809098802924644,0.004114371496352775,0.004833607135522758
0.49517675420132684,20.47272545629438,3.1769242741103936,8.774319615002812e-14,0.004691957495799891
0.503549228517475,3.7591851411311343,4.489901499166409,0.007368053058045661,0.004672691354108444
0.8884600668440834,19.2404089830278,4.224954755695425,2.67687970742069e-12,0.003936567460075021
1.8434504403627519,5.5512343344697825,7.037244494488697,0.0005191060915557975,0.004665943824206591
1.960600554165968,2.4529685683087123,2.3605085497311986,0.00836078134184804,0.004479569782933242
0.6602368766227797,18.408387172273013,3.136616350378752,3.6715621261493714e-11,0.00468389171699309
0.4908777277168872,5.35081616703767,8.98844851636384,5.3901551947826234e-5,0.004721562060556588
0.5938489020465711,2.8982379123575277,10.798163977539412,3.185266376261181e-6,0.003893750540782813
1.114851848281682,1.9503088071260715,1.4851705198543934,0.012899304914660643,0.004674614651653185
0.47028315502095774,10.126027843852722,1.6487739390020633,0.0003419366063018951,0.004705052047836415
0.6453433908956119,26.889524380312622,0.6985650435194612,0.0,0.004473866619154725
0.5050354498488462,6.191015239973716,3.579032144236881,0.0060064433332808545,0.0046353267750552495
2.2527803368787063,6.941226271747008,5.274953450377468,0.0006094653520271528,0.004636002889221404
0.903010290563667,10.489007277045074,2.961276833468837,0.0002553526022181098,0.004719955496502394
1.1504302999451514,8.67797150335641,8.615193464386481,1.4310240081909299e-5,0.0039346419342117175
1.657665536708595,7.188751599416039,0.9730742029021826,0.004112179013124423,0.004612663161662246
1.6567656571936005,6.377775700964776,6.024569075660436,0.0012597322310279517,0.004549506169464157
1.094925433009972,11.371935067778406,10.423271722795374,2.6881548389362114e-8,0.004074023967474077
1.4838990674434036,17.941121645316652,20.236169252610434,0.0,0.004047392112215534
2.7159260452542475,6.593009429447161,8.958976851759026,2.498735822870908e-6,0.004200305204807237
0.4160678097032424,18.301377504048375,1.3773188193779968,4.552525252938313e-11,0.004777028926232478
1.700706950242799,6.601051187498172,8.062729427438022,0.00010504286388641808,0.0036466355770961843
1.2250819043590453,8.381475667583032,9.520854608536363,4.298788003749795e-6,0.004942463736952545
0.6936683409163101,5.588613383730251,10.795489734852511,2.262699713334522e-6,0.0046313689934567945
0.2717049902519877,12.61635224333584,3.259702874093682,6.7243068672172425e-6,0.004402285698865551
0.6976077276701935,9.861139411894156,16.796455436895474,8.761103066654907e-15,0.004384495636748342
0.9513358547085405,8.93563827792442,4.283442694985597,0.0008824363632648582,0.004877175739030348
1.5207536372812378,2.968457864244686,1.4755755032606224,0.012773471412133844,0.004851397052299534
0.5935610441779127,3.669192025069207,12.435723460691184,9.037500227428154e-8,0.004864826808102993
0.24421018073074274,10.597816167627048,3.8035713541090876,0.00010223230663060075,0.004922013893442217
0.7672730878257377,6.039628556952448,5.138465561984775,0.003655574127646749,0.004807796019744706
1.5341865851640004,15.154119830430215,5.933996841032093,1.5421780201209212e-8,0.004526734120374547
1.0370408189758242,5.978741994225077,1.944658738180944,0.009858930354680986,0.004833322304734673
1.3362980732485987,11.658806063933621,5.6762225149843575,1.1444850951044381e-5,0.004138755468758079
0.570252000771917,9.789972088285051,6.483145968538094,5.5406122007156864e-5,0.004018963630971
1.422536311466978,11.674069515482932,7.050015746259555,2.697708945280098e-6,0.004591539743817057
2.2764286835534406,21.932639134325665,5.093938935257313,9.985836549324987e-17,0.004522516351822835
0.430626377235964,6.051521790760611,0.9388532653309964,0.006925451324396271,0.004819484577452498
1.29487210123439,7.685280629895029,4.0694948530444846,0.002643082506167142,0.004934506805710904
2.0936724784556433,3.9704188069919484,4.551901307803799,0.0038022674159873394,0.004655346881562281
2.3584370157189034,10.542770081698723,5.828481522149016,9.619814848500044e-6,0.003822114442854441
0.2600737443890452,3.921578751703626,11.645443865523964,3.799515429414144e-7,0.004694618586622854
1.0430909919884852,6.50339528150265,3.59964034480228,0.006400923097364138,0.004386984080295561
1.694013963314362,12.042378217938504,2.7098951461286056,2.1633600149675484e-5,0.004746189934591867
0.6620166993835217,6.343402158710989,12.41525535899656,4.577410197061858e-8,0.004943373474257035
0.9010008659400437,4.7600911566066255,9.173030392145156,6.116572805999946e-5,0.004860441103498364
0.7419221746493598,9.31253222882636,3.229061996347071,0.0008596663625109058,0.00472866534308701
0.12636743655911786,4.8472282960109645,3.7472339790214644,0.005965398808490601,0.003947728850051367
0.5391364793030606,11.17351165840563,18.732860534719112,0.0,0.00417222556279376
2.086933941816492,14.319375962857507,2.9265956706938363,2.0834764126870678e-7,0.0018625509259252407
1.7709217044874859,12.972957262582668,1.3049971544117747,4.446004567528019e-6,0.004503511445299584
1.0305826875406112,6.707928081583747,6.750878498073567,0.0007169743721194638,0.004857445895232248
1.1069660946509665,6.303201643348487,9.592186096197652,1.6989983547235124e-5,0.004901383294771492
1.825818808194483,17.899847977203294,0.27119176844498893,8.00801060581057e-11,0.004606020919644106
0.2014671409042007,6.473502395490042,2.918959808196068,0.00468877015642111,0.00470952487417649
1.097815903716767,12.695119900901775,6.140864618718594,1.596680845089757e-6,0.004602783056850064
0.6816930926974603,1.2025650865612967,9.939469590923766,1.1625121773884817e-5,0.004863630043644725
1.4403027100470445,18.518406032363593,1.043811984772425,2.892363777726016e-11,0.004715312280794101
0.9789150496285455,2.4970780105646213,11.64712635865186,6.124051634008906e-7,0.004619271504713739
0.4443668984280551,4.51078158870834,2.00137449014919,0.011113544643270792,0.004828630491593745
0.462011766140069,8.254387838939028,13.734807602820222,3.710269619391802e-10,0.004868849987331666
1.2534917546159565,15.637007054298937,8.45932067098504,3.257522257928604e-10,0.004853734709488416
0.29533440187207594,10.975123573278957,4.7333460477381575,4.080852750089185e-5,0.004617219594281881
2.151971956847471,12.336375458508293,1.6012266715898504,6.770820672493503e-6,0.00443869606124101
1.3859779890553443,4.302211624027196,11.673131314704573,5.162832190975109e-7,0.004379668918959325
0.8702367122519314,2.3218953355996836,5.48382204317226,0.004784529693682281,0.0046369799448448615
0.7197077635641521,4.0530958916886854,9.450716052441383,4.0773317846479595e-5,0.004225160009239963
0.8740788775236038,1.3391211286280527,1.8061003295399904,0.011349217420870574,0.00485162315258896
0.37356136542781593,7.819405265904694,14.265459980431038,1.1450214787160067e-10,0.0039431975115918685
0.3013038116318645,6.571708362668755,13.811926454403462,8.486673179786071e-10,0.004884925153425288
0.45050037281462085,7.343734931088802,0.4440973497549806,0.0033141315305851527,0.004475426701024633
0.2728592124739013,10.369486474440189,16.173734548173687,2.4803055782050222e-14,0.0049061969488721335
1.0835121105161045,6.230094003588915,0.8392405399027378,0.008158830398584123,0.004442264701882543
1.0264629515747759,14.002272176112026,0.20376183202701093,8.128817895346579e-7,0.0047177634465070785
1.5432655646056457,3.9510348773346746,4.71206371003179,0.006812363963936922,0.004842168930657437
0.7178760161887039,4.963216440476114,8.057530332104001,0.0002853743655442842,0.004672046110066016
0.9725618969851821,7.475509797170687,9.099495177481526,1.852508991777722e-5,0.004740957889010438
0.3935479698570116,12.497527630358498,2.627822445363436,1.0813029434107478e-5,0.0048554432724568644
1.1635313446485402,4.589105398612341,4.213696977371231,0.009078968541966232,0.0044911324007288755
1.6064929849830203,11.758054334116402,8.716586304359188,2.17088330389318e-7,0.004807648347049635
0.2875993184992842,8.45317225118421,1.9329299961039803,0.0015677067456537164,0.00469143518250856
0.0006623672393948898,14.605532254077872,2.4136417341428853,1.4585453810343736e-7,0.004553002182298423
1.24779673359835,14.345421964066503,1.9260476401235955,5.71959810575401e-7,0.00432924498260133
0.3654871439173534,0.09569548077968593,4.1031463933913,0.0035344563789298762,0.00442654320385426
1.5604554661043777,0.2763787037616572,1.826457859684448,0.006999483637620226,0.004137084167754109
0.7483233484102972,19.78011387765724,8.852282760841792,4.44957128594849e-15,0.004303877498646167
1.1327169459087818,10.03453832192956,11.697272536575293,1.1151645065571025e-8,0.004052713379405394
0.47279431499825875,5.933384901681817,6.556235557460776,0.0009889379992484438,0.00474166116832045
0.6640542079688291,5.045762045200805,16.95579571627643,1.6636697392145844e-13,0.004249441213140054
0.9374991303316432,16.310920988932256,4.5306474332888,4.192875743825459e-9,0.004767311226490495
1.3858703299369601,8.116500673889517,8.567371705581154,2.3128000272434716e-5,0.004283849304229278
0.3337899159158716,6.4089173846692,0.512279908412204,0.0049944472201711295,0.004385022452199785
0.49322598079111113,20.221612443532102,8.5616474424518,1.5830487941429016e-15,0.004426708902017655
1.4054863499011563,7.138821017630143,1.682443256658809,0.005475617701062745,0.0044322327140241145
1.3084168931325086,21.7450896718409,9.220452132800151,5.874021499602954e-18,0.004926960899765321
1.104859643307253,9.012753175459691,7.972432850700544,2.6095898795675395e-5,0.0047678816641146
0.9864959935046467,0.6155836450305943,3.9753640279935967,0.006595380585453048,0.004743980534348512
1.5366648221110073,6.6624050831507,4.786226444448613,0.0029857210303431037,0.0038872259723857962
0.46019997786253874,4.458649456488313,1.3870279173732905,0.011042001144584366,0.004771051660341605
0.6716024025776506,7.547820293275152,3.3485886775127405,0.0035151229706836947,0.0040642795126482395
0.39744263480920805,9.52071038062401,5.668408320839122,0.00013587493917706432,0.004627061412923088
0.9269052743592967,6.152658407061514,4.4763478182497245,0.005260738605500326,0.004719083884166957
1.17430564929872,8.625297053963006,6.522337957922477,0.0002116429940677603,0.004513119986911094
0.42143508086997256,2.2084617980679013,2.813073929947234,0.010249893660689909,0.004022715662727736
0.6269913951467496,3.0998390162777256,10.843662899933893,3.021868301929731e-6,0.004237863442121461
0.697227299731316,4.388048338950318,0.24918492567652883,0.010397751142888101,0.004298698071212372
1.3805103444017288,5.361812282937386,2.473311410641611,0.010806905560168808,0.004641476649612287
0.3370583640937232,17.60611125517759,4.734489109297522,1.0955952301088069e-10,0.004636375831878887
1.1412354227418313,7.665071721824727,5.394346511237083,0.0012853058996752035,0.0046665436515537645
1.6449437121952175,9.280756617130677,2.746557583490988,0.000795700998461442,0.004569922875282578
1.3819717823764825,12.495469345804782,7.242781625580014,6.166589469321778e-7,0.00441744015252107
0.24482903072925466,6.687497454361537,2.65202824378191,0.004635444734608339,0.004407157268180928
0.7170256707270033,17.42718438612484,9.297204432947314,1.264982277922007e-12,0.004838685766673984
1.738341967650423,1.2752081705681633,13.917841160668,1.088477265008632e-9,0.0044581002297926844
0.48604507411028947,4.996334909201055,5.185976938612908,0.004204681397861052,0.004900967570219252
1.1461440947298493,8.089267567345708,3.535508215229641,0.0025074096094916147,0.004685738958843301
2.0958945520430756,3.3292037648741495,11.706618223599648,1.9860405445158241e-7,0.00477810562450991
0.2749173190114449,9.533336920541352,8.549798227532849,4.074067951789059e-6,0.004634232537344821
3.05107397005055,11.928140461331676,13.259692774715068,3.52344368616741e-13,0.004756905137133405
1.9747974488365139,7.363432633925255,9.06983016494356,9.41247319740133e-6,0.004764722241457823
0.8338888346618042,16.583741202025024,4.283714481826359,2.481961478717042e-9,0.004115732829551413
0.5835309540887595,15.533631648201153,3.939972420570546,2.74854248066433e-8,0.0049068093384898185
0.19979245807908508,1.079720248199055,1.9774694423973451,0.006877666035550686,0.004408121393693935
1.2517202827384921,4.533721766239108,7.111172326225912,0.0010882557435423015,0.004591162662336693
1.0620279620643853,15.77969032060022,0.1348330456056276,2.064524131465505e-8,0.004808754887903272
1.2953783776799803,4.7490898861125945,3.3284264302223363,0.01110933473593126,0.004939188909916528
1.7615359574636784,9.410651123631627,10.00657829728348,4.2296967395600835e-7,0.004529187201608328
0.49453588322191894,20.655648737299664,1.5020911151489553,5.821742708243677e-14,0.004878359282966205
0.45451485595773256,6.131217269505287,4.010698595887618,0.005109244985831205,0.004787669654200913
1.8624883303161104,3.8815875662495154,3.852922122159221,0.007252034547045103,0.0045927345606532315
0.4056899313839142,2.9432077217207797,9.840328799909054,1.638664985739549e-5,0.004322041241602462
0.3983799361472032,12.21732655774093,5.496396172694004,4.3237238935610475e-6,0.004910891460079045
0.6755297592729796,9.871310638437334,9.866018827661323,4.685866480059219e-7,0.0038598244010777097
0.8317504587273993,13.690658075523643,1.1588266290695333,1.836836888906781e-6,0.004655726171922054
1.057954511412532,15.173381442063526,9.123820537408792,3.280705023047259e-10,0.004315121920840041
0.9860658468949258,4.432404504569391,5.978000582922364,0.0033947078718531464,0.004856499387614171
0.690212159956733,8.187898956479156,1.8254993064830054,0.0027367411652190953,0.004862713681218057
0.8526678429813763,12.177025340688854,2.0023937577804762,2.6057454429714478e-5,0.00441529355625065
0.5992212631493451,6.300895917687754,9.022399976961669,3.7011392219017005e-5,0.00391170848344206
0.46577818620103045,19.370794964368162,2.2426912214758215,2.581312314651895e-12,0.00385491594828671
0.3590108607250394,20.03494141721939,8.489671456618206,2.696175868317482e-15,0.004496556980458806
1.2535474358466818,7.266618849280796,1.5401566661338126,0.00535632582838626,0.004934106371306561
0.08198465718800096,4.03865055363773,15.295024367582435,2.194721518015621e-11,0.004240635042049963
0.9001130629705001,1.7317726985931268,3.304545911191483,0.010839538353125873,0.00458168493972265
1.0744163682864314,15.905594299154908,4.312356999038772,1.197439510924526e-8,0.0048723525894040914
1.7396542226300173,21.977705360874705,6.118984330555943,9.985836549324987e-17,0.004614193342999361
0.8427362925706349,17.453401290222324,14.451682867202784,1.1748042999205905e-17,0.004455721859294912
0.5324905854254467,2.5328315455557098,1.0185804751544727,0.011371702668199334,0.004624791304241042
1.9981609823463091,2.1872781402815153,11.895497270589857,1.4012333227601477e-7,0.004434446580005816
0.9441359287297988,6.596716034673063,7.773105445853043,0.00022666095735933715,0.00449111711035662
2.1786325197122745,4.4509905395480205,4.554601009708177,0.00302519307374494,0.004450532365799723
1.8413937296745368,11.567836293351355,14.107989228929888,2.0538163730477247e-12,0.0041400997189053775
1.2862992461415166,7.58158748531204,4.09485737227439,0.0028158316082801276,0.004859740748383167
0.9117821244156341,16.408615535366785,0.9583151670150716,6.344099127816947e-9,0.004608645958626772
1.3512306447982956,20.997324409046826,6.244946389988381,2.9575698250497575e-15,0.004451798733712133
1.0362106773130946,1.7427847919813975,4.383524722861326,0.00792712444497373,0.004726622602295328
0.5738124551847602,13.142237380271466,2.4926922299779655,4.393537498563732e-6,0.004181458109016421
0.42483233349315286,9.023196229991655,2.3766933772582775,0.001061587515332475,0.004415701791453516
1.6528027607874538,15.214710343470497,8.361918603266751,6.91291344926376e-10,0.00468118115663297
1.8960695207629539,11.850200589627736,16.023839796960065,4.194051350715845e-15,0.004629959502049966
0.9241402773765522,1.6079126859495587,1.6994581979868228,0.012130605763479034,0.0038820899695210485
0.847011180422919,7.3408073149299025,13.120028651282915,4.8437706218486324e-9,0.004056679123299247
1.299180644119153,2.944625890900774,4.013303823884359,0.010270881568503792,0.004861562239613225
1.1130420054320969,4.239688728760399,17.19427249970132,9.996116086911559e-14,0.004917163044853176
0.24460926730411853,0.7574874285694411,5.517189432069429,0.001851455927721584,0.004590725707424376
2.363706762587842,16.367313734469793,3.1062570198658745,1.3105951060615374e-9,0.004113153693839712
1.2824674012473638,6.655095843437547,4.657144311617623,0.003712040332452523,0.004587589094462169
2.5076222864017317,9.729119847176941,13.913011893287438,8.262545489298338e-12,0.004435199579815365
0.2731835536495258,6.344818134552323,2.8224850413268676,0.005459635784422928,0.0049331806832129755
1.2341594470784785,11.813451934200069,8.295585618250719,4.810689620205065e-7,0.004554036691848409
0.8939136654294626,9.510997527508012,4.895336725200944,0.00033927359171320585,0.004041245448363685
0.4184157403898183,7.241867580215826,5.156144605942327,0.0014958005471973992,0.004594160935791469
2.065871745714533,3.918041127324268,6.385562374966549,0.001036211530946474,0.004109003276737201
1.1034643939606106,9.601706566975817,4.02939113415955,0.0005076635098917262,0.004235144803828041
1.323356310212478,3.297415134690036,11.997406705904142,2.804956187370058e-7,0.004504294071230056
0.4297517866992139,8.951092939929513,2.1261968552057846,0.001161810328130387,0.004556716359852024
1.0376771413312393,5.847378976997885,12.124365149299091,1.302720974138351e-7,0.004893338265800369
0.7484167132758195,22.126701308147982,0.9871768276390065,5.66843074711673e-16,0.003933366043592132
1.5033029995318758,17.8717033837288,11.674917497519779,3.706507566248945e-15,0.0041612599682736345
0.042387091432745105,2.461456671677129,2.6851594130680163,0.0074576123605633185,0.0047397904768955125
0.6509153679544137,16.547587748926325,7.784280879042983,9.771966914840583e-11,0.004815048948598874
0.21258330078341847,15.899762669045243,5.569802560081136,2.991378709818214e-9,0.004761184356454829
0.4529909277380927,6.458378005400617,3.0188164578473224,0.005915557074548826,0.004712124051949875
1.754917473539281,11.253793294544817,9.440894306515066,1.1743874346487457e-7,0.003732068143416395
0.7057453219762501,1.1901089158813323,6.75045342923979,0.0011225982318775881,0.004251381755564084
0.263233046738794,19.404012300143016,8.221501156073117,2.2353588816720158e-14,0.004655967097744895
0.762033686974709,15.933841604904327,12.588602457652748,5.5506566160381665e-14,0.0046336377303065526
1.2376034764225892,12.362175234305106,0.9512473010074753,1.745329045886879e-5,0.004504053301255846
0.7763249161858748,5.371846050814115,13.068577889758691,1.5271165310253208e-8,0.0049332828775315325
1.2780897693359528,19.615341432494343,0.6013346748588946,1.3123562613116896e-12,0.004765339588449466
0.8225218988941219,7.143048016169757,1.2848786037286248,0.005535225356645933,0.0045367858040636444
0.37041882279848426,2.4456555524614276,2.554818063272236,0.010474565459814273,0.004883491356282176
1.3509455256739527,13.754959028182581,6.626754727570628,1.4092077853395214e-7,0.004522264111993441
0.03709220447017869,16.274326490027356,5.567613593097914,1.0028161078655852e-9,0.00433282653092513
2.00034830316043,7.011357047971631,1.617082012144893,0.003206556557876744,0.004808171291807385
1.1374851185735717,11.759366586901319,0.9383613047028148,4.519468484892655e-5,0.0039385027878713905
0.7363099272074375,11.214191363090904,1.377353934328293,9.939456997147905e-5,0.004531532574260096
1.4439978087736947,6.028844638081541,6.471334850256985,0.0011839707871752927,0.004783315131306829
1.2546314805882213,9.426527893073581,18.959277304804612,5.874021499602954e-18,0.004421096711102386
0.47715338833834736,2.232508351311675,2.9768097642586246,0.010442673171153403,0.004885196309899521
1.2938010081536637,4.013614103618605,7.044057130896929,0.0012505499365374022,0.004289637930610107
0.9852888664434316,8.698421452178254,4.748192181321862,0.0008533314756627128,0.00441088581029147
0.4111251965549637,5.58196312988539,1.1028116088348956,0.008172601461751737,0.004631459164050714
0.12344820025815889,9.11897786284668,14.353996851981663,1.997317095905254e-11,0.004220996816095304
1.2482914313836888,16.942924857361394,2.563788006002106,1.8728306422575637e-9,0.004670606423114929
2.1320970324912176,7.734290186852826,13.222045868688571,9.122471761741457e-10,0.0043336335832161385
1.6195478258094607,9.072908775424882,5.554376136688805,0.0002533111977664848,0.004633485340719733
0.8681010218819555,1.2103077407478453,0.3196526053432372,0.008896077020820735,0.004671381401919742
1.130762279756525,2.968106836634102,2.168542786200786,0.014449848108066033,0.004901009569837737
1.9721650043492664,20.95837449963949,1.7737310511609952,1.371584020156579e-14,0.004863820083703079
1.33726046314543,8.390309881599233,0.6695159529189704,0.002051529392363483,0.004500578683634571
1.2965796743161417,1.779169296814573,3.7993936372003043,0.00948697978634291,0.004691777028941807
1.0944310543081324,3.516595575290312,11.256024607858063,1.5162149009593949e-6,0.004882579925398722
1.032224624095824,6.162182460888671,2.012381748013951,0.009254565889523836,0.0047119661907005705
1.1503543612477307,8.369422704362911,6.259091263250182,0.00034806938487717565,0.0039747572192312345
1.0729180253989585,12.531748509608143,2.096391420636783,1.5217490077817343e-5,0.0045951189418545965
1.527077973809282,2.1291127042313054,7.414514104727392,0.0006405661275889156,0.004120911317224146
0.2523817976433958,4.274988955128938,7.206154885309871,0.0006300402225669573,0.004640762466093802
0.5811343193121459,0.33016204447026454,8.039352959660366,0.00014666630346035469,0.004813412587905244
1.0973567536807238,0.45438800573226823,11.603603752258143,3.394912886194087e-7,0.00437765876370797
1.0803262339631388,11.991524914045485,7.723432938727694,8.288826962300977e-7,0.003920483852449887
1.0135058613109549,11.497646225949772,2.167705803090184,7.430817794669485e-5,0.004038691542380169
1.4629474975731411,6.171913250129049,2.142525227430098,0.00829407708955223,0.0045159799967072
1.6504610914209867,5.949593534711397,10.677147001107745,1.943179056577534e-6,0.004248925983659094
0.4145133798047502,18.125288683737548,7.499886613598914,2.3008248510868683e-12,0.004381280971026776
1.4061511901822201,8.128035187037346,11.02173781501693,2.9128843985394835e-7,0.004802889322540061
0.25134748559741604,19.060612788214957,1.3007380547508467,4.7491228854904175e-12,0.004656587482359751
0.17190028198763319,3.0982076436464094,5.419961219818619,0.00316290884609432,0.0038711607794525258
0.7175398095390775,3.154360456199665,3.7626993226689933,0.010795626362801201,0.004947115429440952
2.0912449582410506,14.123254014424491,20.166609974203656,0.0,0.0020545549218871874
0.6930689971747899,8.775007668465934,12.932008813386027,2.1777225126848364e-9,0.004501235389129758
1.9050991189150774,12.310380361509635,1.1438599029408796,1.0651444621838277e-5,0.004783625438546063
1.0535639126388603,23.44285636577014,0.9291705353359219,5.874021499602954e-18,0.004865937288296893
2.1514574242748004,11.510831263636714,14.37684126763601,5.896900813212461e-13,0.00494665556976794
1.1620602388949757,0.3378808804554483,7.360810538679944,0.0004237624611109546,0.004648176283926999
0.49813738170319605,36.28689520906953,2.836350734975602,0.0,0.004578961920222567
0.47390886788462344,4.074979701945773,1.4348669872525863,0.011647320523001515,0.0048804300858009885
0.2752735985047834,2.553065873388713,6.694846182597321,0.0011425098546750977,0.0042004420190517215
1.2925159081845443,1.927655400617314,7.386135718682416,0.0007337410996517265,0.004347634944316242
1.3589618688932505,12.227322468432737,7.048685435510709,1.2062302784353183e-6,0.0048464897977689115
0.5571128245891718,8.981090411746472,9.077399638710247,4.287628720870366e-6,0.004655541810002869
1.5032248710575793,11.273213205863568,1.102059311395688,8.00665272095385e-5,0.004654951635585908
0.9116343970013282,0.9307518062125295,0.09154143045769203,0.007717753515186982,0.0038408873802111
1.4839559149595372,8.207936491160936,5.278996835921913,0.0007851680120971221,0.00491438260257202
1.27099801120365,0.6107886408348513,8.133077205074727,0.00017357640308534976,0.00487188496315565
0.612212761288611,4.032446794409959,8.3802323818909,0.00020372920742520555,0.0041898150096607795
1.6770718490268948,8.66941558567763,0.6445274573597116,0.0012451869269751387,0.004249510398354496
0.09179415828679038,21.783439206491284,2.156545122350653,1.036764794679881e-15,0.004655344749172113
1.1591386631368572,3.1571888281516634,9.36310865168541,5.3354240869401055e-5,0.004398744640142237
1.2850830359118286,4.008940289146732,6.30774768522469,0.0026152916060363978,0.004037241705364133
1.3296139735529264,3.8096210962058774,6.83036334635597,0.001576350293044705,0.00409685005710839
0.7323162614181185,1.10000410462726,4.432205763528406,0.006072351318934111,0.004534436252655594
1.3326202421699382,5.540488353145175,3.5724955238263907,0.008678005811695562,0.00433579205453305
0.5165746141940084,3.2445762715014608,5.878155303282095,0.0032348800066368806,0.004466476656789086
1.064561669334742,13.775156366565799,6.051321326317169,2.6094879034575787e-7,0.004761334972446838
1.549773748071658,2.0328980207449785,6.801495435277617,0.0012281192516107264,0.004721419231609334
1.2240603924238451,14.119770211264951,15.116688831117063,2.7519790725636985e-15,0.004697836938370004
0.889136137395973,3.3506077212391014,7.413505748753206,0.0008722458567887565,0.00461672267678565
0.9270257310191973,2.2129912633522686,12.413384351346886,1.0080066233077213e-7,0.004055839387969635
0.5402164341977876,9.528376843128392,3.2226566588807506,0.0006016463667242421,0.004093911810876684
2.014025011676749,8.548263630969752,8.584301123343302,7.090140405185994e-6,0.004761244321206584
0.37635479360599955,9.415702493227915,14.06431349805131,4.510818231928647e-11,0.004018182157595975
0.6387068741637534,0.35997737611094127,2.867477669800387,0.007054407605459154,0.004855028723154145
1.9228238187460172,17.88513770329204,3.0237834082309822,8.494451833407663e-11,0.004797109105378923
0.71220082702746,9.147818829758894,7.252280401090841,5.211116301202086e-5,0.004104312795611475
1.2825616617417703,6.333997040056832,7.761995161485348,0.00025525326131154233,0.004942507039907418
1.0355999262207443,12.299145878240262,2.7106309483545203,2.0771944414927384e-5,0.004927422664074593
0.6581594292336431,13.681850617955574,8.314675381016032,1.8901701963076147e-8,0.004222198901976675
1.1919548194766478,7.107359535759553,7.908664386612733,0.00013705485110734894,0.004644764757694599
0.48126202587660305,3.8360677006488015,7.574742456691338,0.000548601866867149,0.004947081568735294
1.3905565426576258,11.243924112148964,1.2134518069604736,9.176683658239119e-5,0.00408176474134678
1.7184689010266738,11.068936033620334,13.806327366934829,1.1254560574214682e-11,0.004568220453639945
1.142382836538294,3.996788880527943,1.8368245010340158,0.014292468848573022,0.0038742770061979915
1.1294597786533012,0.7787341837411279,6.834521663688827,0.0009591090503556431,0.004731089116691193
2.1727120045077926,5.592523800274165,5.646391589983959,0.001078169601425078,0.004700429881284335
1.915982500026462,12.915392121198549,1.6506521840982893,4.105657842246726e-6,0.004061808604815829
1.6156211223846157,5.364637249768,0.29996956256856055,0.007810446905827735,0.004717684338836201
0.6477510050079491,20.037997124875528,5.155701020259854,1.3442110799623099e-13,0.004522771165988171
0.527595734205625,6.8170696229232055,14.571908294978531,1.1374831413998554e-10,0.004913309528996369
0.6702932854583955,7.377121601683348,3.9547118842958606,0.003190941599807891,0.004212825447640686
0.2768666495518064,16.104916946663955,4.384777859228178,4.60221018524666e-9,0.004125747804788266
1.4514968778932367,6.584217008368143,19.244034306103003,2.055907524861033e-17,0.00471041094615845
1.4524424980693487,11.089492586918455,5.049134002922455,3.8934688223128074e-5,0.004749837822524172
0.7840177610350147,0.261999220848663,4.287917550406761,0.00475896463090947,0.00493410736355958
0.76077984844592,19.261282515306743,1.6039045306265372,4.28775080397246e-12,0.0044772461640356625
0.647578710885002,11.16233028408519,6.807814703243064,7.339762648631717e-6,0.0045588075270004
1.3434494006762707,8.188863904304588,15.01323299334183,1.3259226070666312e-11,0.0038449716238051325
1.464105323890426,8.808013466162397,5.331809612934794,0.00044775012280319043,0.004321660138113925
0.4914403834715932,7.0560252972392234,9.20326995669639,1.6194569894738145e-5,0.004874020794292575
1.924111620400739,8.98825198110312,9.84102776076928,6.897200551263099e-7,0.004206663131047894
0.45504336121724576,5.790550639492486,1.5201167593109444,0.008293741157113458,0.004431811717688395
1.177168383924647,14.069534669264453,7.189637598403835,4.4431768414298005e-8,0.004615174641148949
1.2503025434154629,0.9640525949574659,3.083954574708741,0.009279673612828743,0.004100352390747175
1.1533009551142515,5.552326843642399,5.436883752142688,0.0038057233914522127,0.004795407748236357
1.424103851832468,5.31188378395553,8.134040699514511,0.0002232767908715225,0.004741807888578805
2.866904276281602,1.0003660673948662,4.29711054244397,0.0002983682311194636,0.0040439910014526135
0.8074552284559537,2.2030594224116147,8.352066186511113,0.00021888120064776013,0.004774254202551746
1.1316843041278362,7.826888787361342,6.9730754057547015,0.0002606331720719784,0.0044209886969915945
0.3788496526148439,2.2880283163180892,4.933949988968241,0.004940350748413646,0.004887472847622015
1.4305728484398865,10.798501590062713,6.1187715900259185,2.428536433018577e-5,0.004886904825398861
0.910842324433206,1.3040135270804538,2.8017089434048916,0.010741008172766332,0.004669692530761195
2.04224298892748,8.873082487015914,7.11997614642978,3.502125427241477e-5,0.004521624565674898
0.38382411402615246,1.9910848548111466,9.76877768258655,1.555876355875605e-5,0.004693583566366839
0.6834692239778879,7.790544620570918,14.843251145676453,2.957473487791163e-11,0.004456434384258547
0.6891094458830771,11.209362248748256,5.847907071236187,1.8220919246830756e-5,0.004742329364985571
0.8111654506176309,4.7622769836270304,0.8362070682567457,0.011631758497970783,0.004774088056185337
0.8425356656126495,3.9493646232163235,1.055212742488572,0.01327466888649303,0.004594407592047542
0.8192275162429068,0.8257230370496451,1.0115923110632419,0.009029907837097163,0.004705369565783774
0.6093664854277518,11.94196122060051,1.8433556852151936,3.298929148710216e-5,0.004770546653084627
0.4959970889446477,3.9725762628606818,7.916304654395417,0.00035395094982261846,0.004927638510736174
0.40896983701459005,14.396080634917741,7.711109866760453,9.056557925728673e-9,0.00396639511628709
0.0002757044072979886,4.19737208330739,5.087042426114928,0.002989729836076813,0.004111964707419492
0.8403930619558692,17.491411963449206,6.039877535976286,7.633697398993837e-11,0.0048946196336243685
1.2215049193891998,13.94704781991945,4.581306263280365,5.642023714969447e-7,0.004737403527117852
1.4060975877719062,4.7483262196869624,8.262566340718125,0.0002227425284712337,0.004770769809358506
2.6435092297003795,3.3230646501597665,9.470940661274101,3.4668693630817625e-6,0.004742703006364403
1.9899737052637738,5.270057553822982,7.295675230691144,0.00033359076473994757,0.004778372928688121
1.6435186798642138,0.3482032698479416,4.061732065382051,0.004466363071343839,0.004893074934994613
0.4457017337118573,6.910235185925106,2.999039553683383,0.004743649133914541,0.003942699631728885
0.4544991791997245,11.306421641037645,0.7217842982658507,6.21615151168971e-5,0.003975354433033833
1.7884875329476904,15.309808669782006,7.331287870366557,1.8908762093910655e-9,0.004552375178891437
1.4318846787369846,0.8775346746907631,6.585319272877948,0.0011522513959617182,0.0044990347228398815
0.25426733576456906,3.2697280243521782,5.840923642215387,0.0025687662879581314,0.004848287027227879
0.08015077589887376,12.441437094809306,5.1185374479541705,2.6879900172594234e-6,0.004369692559853187
0.6682764278115747,20.11929542765773,4.834418304753413,1.3333441401881545e-13,0.004901199033766079
1.6129318435487963,2.1390182841768244,7.11717275211592,0.0008393642832901677,0.004612197961334919
1.618292978638224,19.255564958543427,9.747761035999256,3.583153114757317e-15,0.004120371512629524
1.4859295713305047,10.163829922091729,7.285447378738837,1.4857244622177163e-5,0.004759890165290008
1.0912530367459783,3.6398174462587143,0.11753076411990104,0.011475573677303423,0.004485827593068309
2.2287734188460835,6.473066259118697,21.319395146814585,0.0,0.004613588527039728
2.7206500613405398,6.257357698575592,2.0059381429050256,0.0007561171869435277,0.004501669723118324
0.5683676848061502,8.985834257821788,2.950077047312888,0.001141096879254258,0.00490504318358956
1.5546381988439384,9.615414423162086,10.99118065200474,6.391214865329369e-8,0.004861721765035462
0.3557956261469517,8.514491798329772,3.2386827645067955,0.001343568016483401,0.004444082689149234
0.4398993114034103,3.9698871357221783,4.594449260475451,0.006602849106812846,0.004355334009575723
0.6296984026287787,9.461249823027654,6.744350721174337,6.338152513514836e-5,0.004589819843125758
1.1853338650465024,5.01795998287284,4.649284405321872,0.006935645408498312,0.004530361595263727
0.5108847474621347,8.002145137748041,3.313676213103478,0.00230917865517571,0.004687753102384684
1.512539901803226,9.168958277609338,3.1569299828410107,0.0009166285433827185,0.004077080093417663
1.305976540704339,14.589174731361112,5.865852849218859,6.066141796655558e-8,0.004854810751132089
0.951855547469675,1.401720004786755,3.040240062497153,0.010684258814615603,0.004564851039741908
0.6623210372284445,8.223320113192514,4.945332824509408,0.0010141754402502503,0.004389021751417924
0.7457466124389562,13.338808256885951,4.51257667591654,1.7054101341927452e-6,0.004842111824990406
1.936622853334617,6.044697738562074,7.657400535454698,0.00017097055403499258,0.004358934732706999
1.1074125265309107,11.518692680497153,5.792834973852018,1.364001421477408e-5,0.004577636906109234
0.6045921803698711,10.43976463172,1.7427989396206884,0.0002624245893528218,0.004923188599516215
0.2785687184968387,16.487851514380367,3.0490477287616913,3.263200673352593e-9,0.0046613159263113645
1.0797792776428492,19.608726846172296,3.672142257519022,1.2199167849812862e-12,0.00473943282875865
1.6994008310500477,22.46271297303424,8.701298442414794,0.0,0.004430573666369891
1.4347956738012106,5.534233392054411,0.39912679503322845,0.008538048707745622,0.004033108011779156
0.16661996349085167,11.221286853028564,4.9749044815024,2.1044605268695096e-5,0.004567385410154442
0.5772241577773327,13.173104069281756,3.6604920518281827,3.0992774699096346e-6,0.004482669092696826
1.0624098816856773,9.543279022654662,7.508516418702422,2.7470442038029403e-5,0.004371335138995608
0.39919604820923976,9.622997123717004,5.891501611707427,0.0001004085186953585,0.004635531624638941
0.931047816362352,10.78924230859412,3.2828979691803877,0.00016055476146786306,0.0041765589552125336
0.14501141632090075,0.04620958227915262,4.397108486644692,0.0023145509337345483,0.00417847287673118
1.2968050633641977,15.14555596471467,5.973184745298658,1.770196223398343e-8,0.0043232053895813395
0.8551193820980916,12.48433121266821,8.611809814465886,1.063053343539424e-7,0.00494981023443257
1.0563071365196157,6.677830942219569,0.1438712229738911,0.005636127613061841,0.004630693466058249
0.8437607433624303,13.468191288359353,11.16263752267891,2.03147425250237e-10,0.004303988902881979
1.2924576065027036,8.329387312668525,5.683419460753239,0.0005779088582791603,0.0037171921973576006
0.09425967428853371,7.400465350167693,4.37833850370377,0.0014544930076010947,0.003823312054020289
1.232415735527651,6.583206744619471,0.6722566767525784,0.0066843034765730865,0.004685201568532345
0.12172250167276488,3.5502011949483814,2.368089813789588,0.008909114520226784,0.004292362489386909
1.485985431469772,4.489711152174882,2.033236795214243,0.012381999382516376,0.004884057319071778
1.4217151216285406,13.377072969040405,3.784758323021588,2.1829971328363594e-6,0.004805958948138796
0.07666973296580715,16.187104702118692,0.7668890582100296,4.889745963248728e-9,0.0039440540707679035
0.9509396322617663,8.048927275596526,17.492398411127407,5.362981629136411e-15,0.004200396558709224
0.44839294351147824,6.768090147473485,11.616293852063663,1.8540847333058876e-7,0.004430902725557525
0.5845779362871546,8.359189557499086,13.749887004732903,3.6188585105290243e-10,0.004135434282690651
2.042692928001541,11.134021963181988,3.0416597816416298,4.452872765469246e-5,0.004385358007412829
2.0925690896977533,23.53810508012506,2.8365360098149495,2.9370107498014775e-18,0.004568474870760515
0.8393287832815439,3.5917136710416155,0.7317004914652396,0.012833589996322099,0.00404560589895307
0.6602756992872753,6.307375322899612,1.099104019773061,0.007482953715812413,0.004852407639929933
1.2891774512676977,1.0913035520758054,8.692998697903223,9.46037658177436e-5,0.004948932614764353
0.3420709819571274,5.302533576121362,1.7218836592822666,0.008802024810456366,0.0039512657846224935
0.21121397033166076,2.5355708370151477,8.089135859731842,0.0001960213237692307,0.004152332452939018
1.2223344857453364,24.474410374626494,9.763730254152584,0.0,0.0048186354761190235
0.8977791889579835,6.074130554554767,0.7267745722672464,0.008318391902908812,0.004922896077198577
2.2362595625512864,15.12552030385116,1.4913450190469795,3.222298390118012e-8,0.003916670199916328
0.8477016488647584,13.758908766708625,4.459879689196444,8.558974842390085e-7,0.004245068553330918
1.3137540744303644,9.247829579671281,11.283426571240318,6.17147677258591e-8,0.004266713540014745
0.5513318927356331,8.403957399573422,0.5979219471162969,0.0017387829045589387,0.00424839394974126
0.22128308886155523,3.3997648500883635,5.892986215981649,0.0023697994366459877,0.004861789211574605
2.8038192931834525,5.74939958652921,3.230904544455613,0.0005862971262401941,0.004273569763105084
1.2914488498121035,0.5822914325848396,3.207495836382748,0.007864679109222398,0.004752921474054234
1.4351500142485305,11.615846777762552,10.829326174485649,7.410655811715539e-9,0.004875869934690441
2.2053534310531893,9.409847442307615,4.620255966495183,0.00013182197605261353,0.0045868161989886715
0.8891887257185027,13.331197758061347,1.0742396511985106,3.520552794011038e-6,0.004898216173037725
0.9044152843822396,24.76918515077018,1.7205290301386065,0.0,0.0040113386885775645
1.2410138278194918,5.333196066277945,4.776425215498556,0.005936792652257971,0.0041564824219368565
2.2228619987152776,7.519743880424668,3.5830716360325363,0.001127456956899291,0.004645573481359543
0.6023936783489736,0.37249087517060936,6.797575465128906,0.0006917158448140055,0.004760613104582512
0.3972385557186707,11.439154222892984,1.7414203697999535,5.728571826558413e-5,0.004327956178943919
0.8454468387529115,11.879599117877785,9.965735453899448,2.9013825183868917e-8,0.00473275142832832
1.6035989180858106,0.12357630709756151,9.354240389899134,1.6292308850461854e-5,0.004114200016923981
0.8763971220988347,3.5340764447409403,6.73407989768247,0.0018330735481662652,0.004459845744861422
1.2940688438106305,8.790703960167434,2.3525456964686584,0.0017183836622660295,0.004880177418829805
1.30040557935556,13.817165260132612,0.9943901099736219,1.3887166095934537e-6,0.00420133009998866
0.46211554224088647,5.578055661181814,6.309407842502201,0.0014353082296957103,0.0046147767659506355
1.9163976043576798,8.529233026277367,1.9577173214627397,0.0012310059449114417,0.004034979300675069
1.8283964436807119,7.660642982248258,7.2871909186102375,0.00011879874187858628,0.004739271051348361
0.5241641082202948,31.790743961624308,0.2925873233821168,0.0,0.00414683753609801
1.410301951122275,15.890887223845512,8.439500147343672,1.7651087333862742e-10,0.004745601952302658
2.0670033210562666,9.76953388755936,2.2839917612191707,0.00026719611776389465,0.004074582252569457
1.275041417273262,5.2878034063429205,1.1118977243152033,0.011021618697877496,0.004627253008852232
0.7573458547332609,9.162917721485751,6.101689818648711,0.00017854495043073546,0.004554698512022344
0.5870517781566332,5.022288405763578,1.8286023655515848,0.011121529490845484,0.004552198715127811
0.30198756807591365,11.076252980804897,5.090259302055509,2.824599428357508e-5,0.004862694272961293
0.530860808121574,3.3556934868741517,6.928682952292917,0.0012342545241933321,0.004495237201973515
0.5803216949730432,4.483244906322834,10.594110018707333,4.3131450063054895e-6,0.004802215143761377
0.7216503287554846,6.960876991330165,11.60092725057062,2.1042600875731676e-7,0.004258815806556563
2.3079784062931816,13.522401137553334,0.07672947809097197,4.265325657352635e-7,0.00440404472592718
1.7100953147406206,6.612120792641631,5.261189592535848,0.0019203251901437227,0.004647967823042692
2.2562749682084515,14.473059455735473,2.0811739878137896,1.177561990799356e-7,0.004723267615127024
0.5177633617156343,3.4854356011313907,11.400720486304731,8.77202332944373e-7,0.00416208301020148
0.304631592284076,17.84934931739532,1.7725458289649252,1.362382270351628e-10,0.00476436880616377
1.551894285934002,18.379972125159473,4.8782232952141555,1.5786244802074706e-11,0.004947095133432909
0.918842904927966,4.934341115492906,6.108626978437453,0.0027159006908452233,0.004467870475689051
0.4233119641205842,26.086211121817104,2.749417495538573,0.0,0.004711021932823805
1.4383031727120315,10.491471764668603,1.7818581930288946,0.00025583080125922197,0.0038894126452364737
0.09195945274695932,0.31254291322519484,1.9504609274819937,0.004476634459529082,0.004389711706129059
0.31234387882832787,4.518557831569304,5.05633834172522,0.004284918897558665,0.004723849518417625
1.2341078801687029,17.49875706535955,6.499071485623459,4.781956895675297e-11,0.004731029345102587
2.077039012553814,7.15787142763989,4.854047071837455,0.001041911093820789,0.004841488089258281
1.9901088731745062,17.488330922209588,5.775744654509262,4.454180623120339e-11,0.0048767434011443445
0.1915310225485244,3.4177085719024367,1.4174259463577559,0.009502525996405392,0.0046129875546310215
1.0931462898962891,24.036728963209633,4.711880641654801,0.0,0.004088654984529359
