spc.log_k_D_G,spc.log_e_G,"spc.B[1,1]",weight,loss
-1.8296976490380001,1.8971089106577952,13.872937285450318,0.0006985122562145009,0.04361438325699561
11.03086267769435,1.6505967017307794,19.282408299461032,9.104054750477244e-15,0.0066792263921228775
0.5601449382261343,2.830661790846967,1.625632969212869,0.01332612988073231,0.045177198680523875
11.077197468494273,0.18237097717651896,3.0788617955301314,6.243385608773383e-11,0.020718459343623288
-11.448402600296706,5.824118720544402,31.946012315528684,4.456218673753944e-18,0.04653584175418405
-1.0052906485689987,5.955054714085914,34.490533753293235,5.614835528929892e-16,0.04513222225685325
0.6242468867745496,1.7940076252067239,5.418797535743276,0.01030227808443529,0.039226388198874196
-3.932789973246242,1.4329903589746351,5.9961079234058285,0.015579586696472345,0.03596082061205873
-2.957718985891795,2.464287510047022,25.35104921348391,3.919622184642658e-9,0.043916495141297154
17.094394393490347,4.753392086987198,34.204707944029096,0.0,0.007625724308167332
-4.6424196076574,0.2715645314551245,11.443167850189653,0.0018421154620972468,0.04436771715222457
11.568712361072235,3.3867077954071605,3.9598951455584066,9.975361360404583e-12,0.008094096530874433
9.92127140674634,4.812567964104286,14.112084267410472,1.5682774828633345e-11,0.0025293336955378703
10.548418195463123,8.64897061573735,3.0115242646878135,9.217535011569975e-11,0.004622754037732009
4.616200938569188,2.0571179333689558,12.884631514809396,5.8245876854277036e-6,0.04670524812547411
2.859621046102043,2.8709910698346786,3.7470273252824615,0.0019432814767191965,0.047560393276733635
14.412728136372651,5.7823181048680805,0.26676117974250424,3.297601818577892e-16,0.0037227245334538954
10.889784004591167,6.709981088947378,15.806338221900653,1.7567750877463284e-13,0.006216028951197705
10.668375690058047,1.392279274693738,22.92195147533414,4.4116564870163565e-16,0.003714606717961312
-4.248059411522794,1.3153429776779624,32.30790153836768,4.339911366364274e-14,0.045321726096534995
-2.6035579961736444,1.8380647099003433,0.766605203993155,0.025006519955197624,0.03646756782458362
9.77524127569376,1.3503909614556793,11.148169378514314,2.218008948498806e-10,0.03538376702115234
1.8914075960040346,5.447317160007772,17.86032883491835,2.3817379490850564e-6,0.040733326438083584
9.381402888971168,5.021357462445577,24.405970148530344,1.6933630960264276e-15,0.011107070895151394
-12.945556220704258,5.843493837722452,13.893053937277665,1.0296897418149886e-9,0.03385963186496427
-15.35653329826984,4.300539074234769,23.08484402776428,2.1835471501394208e-16,0.044199153346008296
11.639737964551893,4.569957429934144,15.05839455499208,4.531083147467896e-14,0.010090780927509976
8.374663086064327,2.207267710345196,9.63754065391754,1.7527051606323086e-8,0.04382862924769547
-4.445284210052911,0.9773821961862712,10.809528852248954,0.0027777509360020942,0.0434225383310591
13.48434161222202,1.6961487545147467,21.640998509675846,0.0,0.008890950213837973
9.99305422730222,5.281964196289987,32.50819860768698,0.0,0.0030939683545056352
-9.287186891372421,10.608217338387547,16.01158480954455,1.0174405310653854e-7,0.045252967382363465
-4.835391692235046,4.172939774302636,10.012872768240081,0.002642175238654579,0.04362173775042327
14.188379371717353,10.659596096128245,22.903232866847212,0.0,0.0037002787120112915
11.465363494665532,2.111087718041311,24.553975554104504,4.456218673753944e-18,0.0038222271924331984
10.460983265821522,9.943754144322067,7.761406713336102,3.0295353082404166e-11,0.003616782717289731
-3.369436435667918,0.3555346129857566,22.043021746070057,2.839523749140994e-7,0.04729905820944523
4.761229582035835,13.485294427411294,52.45825297501142,0.0,0.03589022613826322
9.286824439190106,5.020439569168438,15.274504231019085,3.5734488812517616e-11,0.016279708571605808
18.956002047617044,0.6315201080503112,14.905692470334609,0.0,0.004752157856829303
12.978082968147596,14.436655661458776,7.985852311729947,1.4259899756012115e-15,0.002817982071837422
-11.618473432096614,3.556493850546935,13.337203706470914,4.314037475624726e-8,0.043687220169737986
11.402532796653627,2.7254930959293375,8.903844661347417,4.764357282041157e-12,0.0028549760762284727
-3.3444545783629547,0.676428068553203,2.8628494238578175,0.024094337944360323,0.04205357248795335
-2.359531455952044,2.6280026559641554,6.6891348042657315,0.016120033003434155,0.04478527649470661
9.62895473951119,10.759206429810192,2.835848555807277,6.751347420625963e-10,0.014176813055658023
-0.6415349166225874,7.441320246477291,1.4309292135297023,0.012412173427037798,0.034750443549719984
15.672012137654926,9.235800401140004,27.457454180481008,0.0,0.003854832045805303
6.901785729988346,2.604739598967028,9.047907849256028,6.376970041414314e-7,0.046563104770886495
0.9183267009748293,1.5252971878608599,27.926348943408335,3.073494568524557e-11,0.045282347446226986
16.658488157287465,6.667073403247526,1.6120269341239226,0.0,0.01096469248044588
16.278192096397873,9.111003629257482,1.7095210336240005,0.0,0.003758427943590002
-7.557912657095237,6.586088745017344,8.450630836976728,0.0003312402602621063,0.03789822424786789
13.27836075075456,11.32398675000757,0.3457673728110956,5.053351976036337e-15,0.0036981357598468417
13.414386817189254,3.2495653751802878,32.94569006885858,0.0,0.002938715959547538
9.97210973263777,6.703287967550597,18.46491341210175,2.3486946141750106e-13,0.00323390960728884
2.748814176152367,11.582500838226554,5.194351138410079,0.0002641254900856982,0.0467063271210025
17.46840783130512,1.1746390447134465,19.11156818125779,0.0,0.004888898613634005
0.2632999613596674,2.7160730938263007,3.386543167293678,0.014608558883434052,0.04650915860166177
-5.217102238585634,0.26777903282444804,7.0878604596772385,0.007546673020263788,0.04307196403095663
5.61953424048084,2.8241284825779758,23.527712704399683,3.3915553933639736e-11,0.044143523015544014
10.641433500844407,1.8125534368745269,5.577321265902549,1.5167280738132877e-10,0.007795994812123649
-6.867356852633124,10.17444053855829,41.51929705509149,0.0,0.04756253844158398
9.891736930566562,2.076712345742764,6.221521432098601,1.1151350699557985e-9,0.002494838558290673
1.2191951361523743,10.403765285960898,0.3863533049018897,0.002238142611258516,0.03987787951016626
10.203366843488123,2.0327648516811636,15.26135555920216,4.02986103930059e-12,0.003899601216720212
4.329126674799603,2.0994625931362796,13.659985470413677,5.381877491079335e-6,0.046771574710215404
-1.7514920190900218,3.0768942804304826,6.701031804882104,0.015287675934705177,0.04449771932472095
10.929925111546813,12.150411491051415,8.080345663266275,3.0615648276329964e-12,0.004043291188130057
14.863678702060763,6.940666565219303,19.989468060850122,0.0,0.002722454358053816
9.7036331348744,6.277536892603986,7.876917216137684,6.433800897902628e-10,0.013452086425621679
0.03768284726769955,2.1542627346851164,14.28244109573139,0.00028320626682750897,0.04771843434137632
11.640612918544939,0.7788077852611166,2.2187098955582742,1.08906865003925e-11,0.011030534406611142
9.796385498488613,7.588025897976127,3.105386809495918,1.0409716748234365e-9,0.00958017591261738
13.645671720299495,4.813814738933702,11.584398728013017,4.6344674207040495e-16,0.005683372049989427
2.325719305591956,2.4620582214505253,37.54699242831531,0.0,0.04494674237774634
5.8985963921478834,7.9375513633231645,1.0817914762971188,8.9085952952868e-6,0.038019855666066915
13.183426061532748,4.950876295357048,34.602969554117166,0.0,0.006435165820936239
4.49966777348491,8.15218138852522,20.032587538910818,5.5291045306922286e-9,0.04398359703750315
1.8861314232195299,3.340381195990007,16.08859021232727,1.5525434995970083e-5,0.04577070556182501
9.353544277656077,8.048564225714681,19.400782549810263,3.666398475984305e-13,0.031880115458375664
14.6852973391426,9.771065958822097,6.285390734428167,2.6737312042523652e-17,0.0043915910464523405
9.46053232632301,2.6913821927759596,2.6398973536801433,5.987288324765916e-9,0.025524353276381483
-3.657077575381997,4.922415229819213,0.7411516538765888,0.01823815611336372,0.043917557358886236
10.884003056295256,15.703884228866375,15.697062460570283,7.76273292967787e-15,0.0037080785093996744
11.991497703196154,0.889357739978563,22.52845923995503,1.336865602126183e-17,0.004207595867710894
0.7592854375252052,3.1317588149020974,6.391075567190273,0.007276462957314107,0.045434010513521486
4.594628572573953,6.7397553195765285,28.732326965397768,6.151364257240518e-14,0.0345548344542347
13.762783838413121,8.777747042218287,6.273594559714924,1.1719855111972532e-15,0.0029874989494834787
9.880124772686262,2.3277125874863893,12.790667690084824,5.821326444525956e-11,0.0045801679915099805
9.969189577695186,2.3588780103292137,24.4302855816796,4.5007808604914335e-16,0.0035413318240874524
-21.521557688091388,2.9603333477442506,7.663493345821234,0.0,0.04496194168940678
-6.325969960135977,3.0874689542726497,0.32022649943620285,0.005910403725187151,0.040813131224401514
4.087905218815845,5.1958185710749945,8.305936380225956,9.672895406820325e-5,0.040841374853748
11.165442142342723,2.1500228038735334,21.017304356774304,8.912437347507692e-16,0.009840520537562228
15.881258062514902,0.19955729338560912,16.637818054550596,0.0,0.0029058419133745597
14.192603780021846,4.557311547036493,27.188424207587094,0.0,0.0063838563797035015
-4.1273309176304736,7.076045002083398,52.43626130271463,0.0,0.045530624161139364
14.587279137986908,10.354530544474224,43.563292761627864,0.0,0.0027661880112678006
13.623745635609326,3.8651858659093747,4.547765148333032,7.56220308935902e-15,0.004908680388112083
-1.2351769663498366,3.2496365913794127,11.646383918226286,0.002279432764174197,0.03353010251414173
-7.049381685965077,1.3173688985981702,17.451038384136172,3.01920059028178e-6,0.04095932955729468
10.970124009738436,8.989831759211775,13.738002213707611,3.783775275848805e-13,0.003860751102070049
9.19504196204114,3.1735481576404685,4.362497850106998,9.839455038598374e-9,0.037983788182589295
-3.491350482106962,6.299184630319177,10.003031719060324,0.0033202534897056467,0.03782562320696384
-11.498733565790541,2.510399238102063,2.153586461303184,2.9816060485789935e-6,0.045603504422623994
0.6399551118981353,2.521542309866671,21.843707889972734,1.37991118277139e-7,0.04554211806329958
10.450078361414882,7.4220160234905235,1.174551176275512,1.7224626867584825e-10,0.00604884841643368
10.863205834809046,5.3752126456594596,21.5460572533315,8.199442359707091e-16,0.006886390407603891
-2.733247450603435,2.561037633795136,35.771780964844154,8.466815480132477e-17,0.03738451371457216
10.393432496688217,0.9616978268702694,3.8247347684126454,4.4188284103892863e-10,0.003076126626391314
10.4660506309054,2.7121494422526657,13.134738726334547,8.369491662552522e-12,0.0038895221557660696
0.7726002644488008,2.0920013007216673,25.670752802320273,9.175375964110313e-10,0.042578066656144824
11.504573660224521,0.02762889187295192,1.6850242641414832,1.7169240146639485e-11,0.0025517211276305718
7.175264437479946,3.550001275541935,38.6042898552256,0.0,0.03451797067491323
-10.289094120420817,7.633873910703285,48.87792660721199,0.0,0.04668338176035135
3.5914413024908853,3.295707983652457,15.064464085187911,4.965061584253143e-6,0.04300726479684913
11.546582741043053,3.7637439861770208,8.749109588012708,2.875027513977246e-12,0.0059830130834475515
10.855427270879003,7.002211699329553,7.626183409453756,2.1465765763865148e-11,0.005505738363103471
-11.444916006396369,2.694295488288352,15.57262568816036,1.2736665160666924e-8,0.039305133566195964
11.55072357452347,6.22059385613159,17.590629086586993,5.1959509735964265e-15,0.003831847884125538
20.98534219604982,5.503529973814665,6.666601852405323,0.0,0.0044482046863339
-11.526665264175971,11.016728273332314,3.183062797713239,4.972883968608245e-7,0.046084123240437064
13.74770299146968,7.6758019549882395,17.855712815367486,0.0,0.003963802522818401
10.219284584832138,10.168481991860519,3.3649830154634217,1.4955603668390154e-10,0.004284401333804236
2.6099262250618938,1.887394250525586,5.126426665519162,0.002248929333319827,0.0460969527131594
-2.9116503807913627,5.642797077820974,21.63026787181617,3.1111475226095493e-7,0.038692359667934245
-0.495233788524948,1.5301876316534726,6.473809547635073,0.013587059254755634,0.04717157782290039
7.951673706519156,3.934850277304846,12.123143764536984,1.0832929662119476e-8,0.04633522575592393
-1.8753617390304824,2.3923673688776894,13.172417893441265,0.0010897708336560436,0.03706554532607503
-9.981865346694915,2.039062389632648,8.961254942564748,1.3130687125680056e-5,0.04670607216316461
0.4007728550243437,2.679777026996283,1.7008198988876866,0.014485182971595293,0.04653123247199739
-3.5110434217313387,1.430164339157589,38.10321875101883,0.0,0.04343444899970804
1.4677909800260074,3.164387538827607,26.19348783308055,2.309037374062125e-10,0.04291189389676014
-9.75666240242841,4.50798325132906,1.045650775247334,6.70723051669961e-5,0.045527845415041304
3.330125597922061,2.692619744836584,1.6899416267976122,0.0012442391559217226,0.03855161041848734
10.132122848902771,0.8682781420531307,7.818928374863464,3.710444286397493e-10,0.005466446299033867
5.748590327160775,1.6512668277979068,19.90664313228678,2.0488815432216256e-9,0.04705606448626393
-4.0209170400218355,1.2881524456828037,16.68597420401639,5.721968023257937e-5,0.0394001964494209
10.851625445153028,9.837499934424038,2.1370548555913382,2.7303358744765854e-11,0.0050836073205550265
13.544438437410683,4.299613798794648,15.685630140239219,4.0105968063785465e-17,0.004352440855225643
4.665506292441295,5.172553452358312,15.673164802111662,4.862069296493973e-7,0.04691425710868782
-3.493445883003235,1.4350147946211225,4.896745171323156,0.020001301758672964,0.04435784441777139
9.84667759137604,5.36108323277804,14.781396992289437,1.0747775567602255e-11,0.003601846465082739
10.51911232012133,3.0100116523448843,15.503620628936428,1.2168239834557106e-12,0.007616008233996401
7.975700176974886,2.406403242468096,35.52950224404594,0.0,0.04498328894524912
9.358976737162807,2.874181888911383,0.02093678647275743,7.124146942124152e-9,0.03901340987761263
12.671899566639489,5.45315017344967,19.59284711570024,2.228109336876971e-17,0.00492384998247963
-3.643584354276582,0.5407337422416614,4.380407291611258,0.020882511832812315,0.045397326879324164
-10.104683840554038,7.856494943804721,8.311739549263601,5.936466321088462e-6,0.043159844501009986
9.68633641100201,5.091344234688788,1.535693961222839,2.4255901526412888e-9,0.009912856868642834
10.849473441249872,3.137103312119784,12.667671922971056,3.4716082450503978e-12,0.003327184844811778
14.121190950350957,5.949226240257312,33.291734053881726,0.0,0.004162728095159369
12.050313751985307,1.0564667933696523,8.848969594555895,6.760395663278033e-13,0.005498534229829564
9.531353197389738,9.444727245141154,15.302888807574673,6.5760463519999785e-12,0.010162820940598737
14.502406018861876,7.471205210285682,10.840167292392206,1.782487469501577e-17,0.005338569212390143
10.186322318438693,5.8267316665700015,19.039429113337036,8.559504828528325e-14,0.0035235658907029747
11.68656509065395,9.074916465597592,43.23446732060959,0.0,0.0041233862959408575
-6.864026107558088,8.563159893007295,14.572495126380108,1.415631208826533e-5,0.039512467621464195
13.144899918989621,8.332667781423382,5.675230340592191,1.4366849004177573e-14,0.004602236988604
6.079316825506838,5.390622397049338,10.196617560375124,1.3935995412988618e-6,0.041968256980634305
-3.9688376196556137,4.904577771053445,11.772071886918656,0.0014630050279310356,0.03955249334602581
-11.942178551387965,1.4266997487872541,5.978967756784011,7.35556344509279e-7,0.034989245789986134
-3.8125665710846737,10.377978947704404,6.208106361285448,0.00427455826394222,0.04540349443211836
-3.4681609658946755,2.798816886635219,6.752357889834825,0.014117699385394472,0.04610968114625537
-10.150963903734539,9.604754584741027,3.0777250212549787,1.1417068035017056e-5,0.031860865918422875
7.761673073586889,2.3080045340953372,24.543817843836905,1.119402130843869e-13,0.04710073600279052
-2.769695521629779,1.684417904383655,9.179819026841507,0.00844408266327576,0.04659014863296306
11.744914423649696,8.258778921834832,4.567698496107386,2.104676535722301e-12,0.002693440173246609
-3.8887792521490816,3.6033632686927612,12.253375973356798,0.0013365297547563127,0.04395713164271303
0.45161839178630014,1.1751345142418592,13.719685916512482,0.0003506362859043943,0.04720773869065742
3.6707298038604126,3.1848751105580093,5.901040198627435,0.0004752765367087728,0.046568455393233676
14.983856854821267,7.604515683676485,11.769558318580744,0.0,0.004800721947143813
14.299083323318825,5.870137799667214,18.497507348952425,0.0,0.003068656180684064
-6.150482468018655,2.990552452726198,11.868449891108527,0.0004457677933422473,0.044699641749672225
2.9226080343014385,4.61200213965639,12.425495280929844,6.323103212199172e-5,0.0327554931937423
-5.164031039698479,0.46707382862799385,16.790176400782116,2.9233009543597157e-5,0.04771834215015508
9.016221972161823,2.1988580311806416,4.126959107606926,1.774493365482833e-8,0.0412161977326049
10.049227979670318,2.6453854106949146,10.199452903706158,1.5365742891477483e-10,0.004630980387938714
15.849936159953646,3.905622231951256,13.340637727085767,0.0,0.008855067227638118
10.085301767267293,4.132979721134712,25.404081281282764,7.129949878006298e-17,0.0027161629600970924
6.520353225482365,3.353305382137944,14.245797992286178,6.468901137858314e-8,0.04482815446871358
15.15486333931113,3.3708291417895424,27.15516255956487,0.0,0.0029745964639926476
16.152270144884735,11.075602065134497,33.34805196575094,0.0,0.005271481109340105
9.198540785497649,5.142196600757735,10.068221077525685,1.2327433144846698e-9,0.04537999690248678
-2.160761039238486,2.6398064154546,35.53039135539958,1.3814277888637182e-16,0.046393572395692126
12.136978916635204,5.061555960535345,16.154525915902717,3.4000948480739716e-15,0.003911784966191752
11.824126802072572,6.489706335674656,3.858665072480493,2.7125582373734685e-12,0.003342792302036594
11.681462203418462,2.008313472695585,18.82268548702645,1.835962093586541e-15,0.006393501244094975
-4.89358552235701,2.4306030945660746,12.586496319336852,0.000755660400898164,0.043591856925763145
-1.551043178677183,2.0722210117707265,1.7654061086313204,0.024548169573324605,0.04212922009180158
9.254616278580992,2.497102091292947,1.4011531497166105,1.0697944605456791e-8,0.04355703727309568
-5.2844780573998635,0.5532605013229139,18.9393677247797,3.526199207672578e-6,0.04614227371298466
14.950795266781217,6.768643732876862,9.165620972450174,8.912437347507887e-18,0.005015216021358999
11.459863574179131,3.6289500124383034,20.32745130632734,6.595203637155729e-16,0.005978860056880146
10.181536457672914,6.607069856634219,14.626034822129546,3.694526127946466e-12,0.003966143480072181
9.574249057014814,2.8340520143979875,45.48829328336072,0.0,0.025563552741015867
18.729419669606138,1.0862191966310757,6.5215416850629095,0.0,0.005559595937559182
-4.310909696730212,5.318552273578742,1.1129214307240596,0.01495135760507232,0.03837758735122188
-1.7541691497301797,5.579781556522214,18.601861236346977,8.318160259483314e-6,0.045490018553160524
-12.767535040442166,4.553285625211244,28.71006812110739,7.575571745381692e-17,0.04257805591667144
8.973096249856251,0.646840074489687,50.7291808618802,0.0,0.010412302662602626
9.387829103582245,4.4977509702720795,17.15777758093555,5.975860540113117e-12,0.013329525181722042
2.3442689418707565,9.29211687642199,18.911982490053596,2.2421376903595873e-7,0.043644470048291514
-2.4405343803771378,1.482144570511345,22.55724533488099,1.6790436579906713e-7,0.04499620370321571
17.000837204545434,5.721270182089716,12.06559318869145,0.0,0.0038548489250877912
-1.0288297896466005,2.607338073308057,11.803955095304788,0.002094171479577491,0.042969946766622344
13.515812679799417,6.034173407314542,14.357872700145252,9.803681082258654e-17,0.005947916448027436
0.5535784755138486,1.7501729001010422,7.446622714219989,0.006859374932693374,0.045849997655777505
10.8262369603477,7.729618969525444,23.128827352270974,8.466815480132477e-17,0.00653210555399506
-2.7640808735297284,2.145890830653958,18.062785111451824,2.124580939786827e-5,0.04479350950014221
3.3496457379029856,2.0771295095182962,8.896110263634585,0.00030193244632004243,0.04550045585977614
-14.232756711796666,8.862501407443958,10.715366075950525,1.370298823669738e-10,0.04452963546655499
11.461258608423819,13.63879649248296,24.309998206137806,0.0,0.004115178608856198
13.279267170647604,5.711612358369976,29.510316117739187,0.0,0.005210686279812851
-7.731849102574591,0.4538482076629595,0.8320714415362801,0.0016999271833017732,0.03734370194272184
-3.094527671443217,4.585107487672165,10.611291722454638,0.0035262659774136884,0.04661029440164972
10.202593706877193,3.5928514885167333,21.505368975217948,7.84294486580541e-15,0.0029081280767525902
15.806573832753177,4.742772336117093,11.932190916527714,0.0,0.003095252332474874
0.16745101054322875,3.0344904268381203,8.79037150326901,0.005031969178808833,0.04669012278274726
0.48575922435253016,3.299882861042853,14.031336899931771,0.0002371005354069525,0.04417789839855342
3.450264052461935,2.405531536359142,33.844984697005756,8.466815480132477e-17,0.04675647368320607
-4.4141998406891245,0.12344621786162913,50.00995902154901,0.0,0.04188290521234582
9.636601507234477,7.70212200992525,10.028946432772962,2.29436803710261e-10,0.012570158132033618
10.19136774239482,1.4745972447872717,19.65962200685029,7.506054734057109e-14,0.003598861490540232
16.429396934491503,3.275594814170744,5.57882327071448,0.0,0.0026740225780177485
16.24177085293637,1.9420896295093444,21.76688279923923,0.0,0.008873002047255541
-1.4060043674201503,1.3414553225286099,14.53451805989676,0.00041820248307362115,0.03812911423798018
-1.2832008570864426,2.315541437174415,29.14189503280803,1.2529924363451085e-11,0.040282326287640315
-1.7471028170041085,10.066526701061298,16.025660120429208,3.0036135443129668e-5,0.03973632118126816
13.535906184677957,2.2083199119079815,7.429742487475942,6.1317568950844916e-15,0.015159500283150005
-2.1781473774207285,2.6216581974447806,24.448200995959184,1.3897900338784333e-8,0.04407934451499036
14.056790359812716,8.809939293415862,23.977948258109272,0.0,0.003880102758165054
10.43900746698532,6.132028548607366,7.7617047583749015,8.490944103801362e-11,0.013011976084810802
-3.2199359240032432,2.151174762995055,16.406306157669263,8.883257602263251e-5,0.038177870006758895
-8.782835238431286,2.419606659243066,3.4064478640485367,0.00036972443806386967,0.04016318920320594
-3.0159824897403738,1.73697555184846,15.509044943914677,0.00019935288891531242,0.03759307090416868
-4.555859844539868,1.2765997958891144,2.8835407043114163,0.01787001310258565,0.046662685814423614
-2.9665591254093258,1.6084563559300753,5.82860976873753,0.0189059379493136,0.03462483896800622
-11.36275250453129,2.0115652172092857,22.36344445901746,1.6472006804872298e-11,0.04364053853561728
-1.312905057485278,2.4236930836076214,5.305721265223052,0.018956650795017065,0.04693395096495108
19.74105075120447,1.534489550329524,0.04547770110891358,0.0,0.004989412633814678
-2.420542761582334,2.873325697416291,29.96778627389034,3.4805474197083995e-12,0.044352576617965433
10.321772983981145,9.136262874653033,18.68515419141409,3.769515376124922e-14,0.0030052651271364472
-4.891375001245888,0.9621261783567592,10.32620817403337,0.0027930189039490206,0.03892342301870773
11.648156248994091,2.660484736601288,10.963315194804931,8.222481010082125e-13,0.0034803725246753976
12.198236830669362,10.651251751049704,22.317358049004905,0.0,0.005806275210582909
9.533486644768754,2.6350840281720807,8.645296189104075,1.2920072580692353e-9,0.023707055743341088
14.073401043593481,8.5760371064885,24.90009501427759,0.0,0.0036023800240945836
-3.2194959528658122,1.8035830776297266,26.617930414804803,6.411076589751784e-10,0.046998688340247466
12.204970790976182,2.928843641344315,2.407363272035512,1.4801820508381987e-12,0.007083728522190304
12.00403398104329,6.706607882278842,4.021045684343308,1.4103976664122375e-12,0.003542359887761618
11.554970847558177,14.207193416325392,24.113600897110555,0.0,0.0041424182631714206
11.503988773728514,5.471010401524198,0.0009476537816723862,9.351406078224668e-12,0.0038667285392095614
13.79964065742378,7.775884575872926,21.9588718675638,0.0,0.003613896430134029
-7.210700816125094,2.6702552144814984,3.7802497887908304,0.0025855725398155984,0.044965995716840054
-9.515744749973457,11.579940898963791,9.04345432369538,4.1220236889641675e-6,0.04313731409343643
11.95913749962935,4.907680315892582,24.550320492153034,0.0,0.0036922488190968645
11.199067316147982,6.24031220468204,4.965886950327982,1.761647070856851e-11,0.003204308971711376
13.833265992840502,7.766362359340872,21.0495335260369,0.0,0.0030350757531956716
17.631274331398046,6.8221497357302905,19.074729676206168,0.0,0.004604799240331202
12.80169422754785,4.086674427969246,16.198421344935063,3.9660346196409715e-16,0.0030021713946573646
13.872115482598701,3.0539293266260703,4.383711200923406,3.4045510667477248e-15,0.004414874271085205
12.00481123210912,0.27464242065903305,14.177673620147512,3.8688890525494455e-14,0.0028193480037050226
11.811729957992464,4.8269774248906625,17.539323129981298,3.0124038234574408e-15,0.004349444771652734
-0.28414446145225636,5.9922654331660254,10.318545054222882,0.0022648117974558143,0.03954664250810341
1.0121733966086772,2.4937641571416105,1.7227988846002624,0.01069795616137059,0.0445508641740864
-18.65926839435224,8.391601115790072,23.696765847269077,0.0,0.0427509904508416
-4.047918683503876,0.9778670661676923,20.933140862644738,8.135001442974668e-7,0.04642068152217403
-6.240553649171812,4.289158081215836,1.7250497577764503,0.006002162567909064,0.04295935414026622
9.899775389635831,6.820552101843307,17.517696712488995,6.927949485405467e-13,0.0060250731525717536
10.175100953956994,3.7141185761257036,7.71907335297273,2.711431286099944e-10,0.004091129470385173
-9.44323967642706,3.443538307759631,14.783001142206246,9.379937373038441e-7,0.039251246517680624
1.3208466077693537,2.0267212348072046,13.077162114689388,0.0002756890693601348,0.0415844250733522
9.673555059356275,4.472005484961821,0.10211187921958942,2.526978896358986e-9,0.03429261787051685
0.7163982238947104,6.595840225090949,31.016157603937486,1.2061647084213556e-13,0.04374365430408775
-2.776396456569171,2.2007697595917093,7.657084589077363,0.013035560152059117,0.0400815501213209
-3.3200905531000675,0.7059590782861864,2.765243036847676,0.024243910141695843,0.04689578679380897
12.755256794523664,0.3583471729723622,7.791005097397106,9.558589055179448e-14,0.0055541369704886195
-4.067614248823539,3.1134038355522815,6.326710956667249,0.013011645172397633,0.047538747175864676
-2.216036991303995,0.9629253636341377,35.14655179392142,3.253039631840353e-16,0.047232949601257415
-5.4704311123509095,8.917906152813945,12.008232796911862,0.000248940198164782,0.04765852479532129
-4.4538971327602095,6.714634035922043,19.644823664071716,1.4205065100211014e-6,0.041122309826339284
-1.7494471927176598,3.093891176184475,25.67160343410118,2.4091391366011766e-9,0.03357121038986671
-3.6188261462881766,1.5240967657372,5.515385687256231,0.018003817853669474,0.04566333356485805
12.974610173279059,6.578051317662434,16.428137546425233,1.1586168551760222e-16,0.0029191254048117126
-3.6143240284110068,7.418731677622842,23.145364515866145,2.9882190640772606e-8,0.04569274544970002
12.42863057378447,3.438629160179658,8.68489244854172,1.6883275689180554e-13,0.006354345545400621
14.881014650426202,4.352002685051676,22.10498286391372,0.0,0.007232154322784135
10.376714400810348,2.105481461616199,13.39851980138035,9.57047378812314e-12,0.0076722066236161734
13.44259645749767,4.4361555148304745,25.312150119559956,0.0,0.0032382673141354724
-4.056878513563551,1.407956283875849,7.63492645070944,0.010560377983807032,0.04172197499967956
-3.3942466489211722,1.522423431523733,1.96051993810519,0.023926218212180266,0.044173402875911726
9.578924669037965,8.431693809887191,11.189832928393614,1.2249521226151596e-10,0.009423071822059084
10.08881174009291,4.252939759570014,2.8783032160982254,8.648397871615198e-10,0.011625965145160837
2.771934628058981,1.8745898411878186,14.277860808279513,2.844957628185212e-5,0.04573181469902231
13.490353158724414,15.629713305943746,25.10164105585404,0.0,0.006099736029863995
-1.9004661841574173,2.5211357173662066,8.167140954123818,0.011239408116889284,0.04714972148473892
13.714303249723365,3.0313909506834666,8.804865212425657,1.7824874695014986e-15,0.0026265131267428914
0.48027804540606,12.873525853282889,10.276901758192315,0.000215381970422111,0.04266522354799872
12.445422413133864,8.846589748442192,18.03069209980054,9.803681082258654e-17,0.0026090058370445233
-14.844438138996225,1.9840451104285814,13.353472237688914,1.4668000256794753e-11,0.043192817062433414
13.995628237799519,1.4816537332874893,15.430448498043209,1.336865602126183e-17,0.00371757897574946
10.230558675938727,13.42666484329642,24.60196591681178,8.912437347507887e-18,0.002887293058322482
10.844518607017985,4.388315134563197,5.958625549362054,5.7892349858397464e-11,0.005051160343602891
-2.9545672347102085,1.8597284793189908,1.2825886326368305,0.024797457113078004,0.0425553858653777
-4.6131109594815065,8.458464373421238,11.741452657986137,0.0005579077529231381,0.03433267212079666
2.44723370745707,3.3796146408105057,17.713198116344884,2.050715080045218e-6,0.046084395542995225
10.446772238282069,11.218037550299679,15.265047593022693,2.8392351657755045e-13,0.0040770749190701255
13.044052780508498,12.731935024548925,1.1698601929719419,7.15668719004756e-15,0.003666660858756351
9.256005154320574,2.870958633550214,7.751541319357879,3.725977666857588e-9,0.03725169148544108
13.792137188914412,0.7707413979136231,31.436026224363033,0.0,0.006027289649419804
9.43447020505918,1.5465184873842337,28.01606471803375,1.336865602126183e-17,0.02443688978991128
-11.558601041462154,6.688162509132055,26.098449803449405,4.330998929016786e-14,0.042406737655246746
10.805960873382457,6.682089573228904,14.43783473616551,6.657100514423868e-13,0.003792988245953035
12.005462885412623,14.302660048816492,22.87023772824599,0.0,0.006084650161821546
-3.8765504957652555,0.9233074550983864,1.835544158035864,0.02220407670404979,0.034881351062289276
5.815331983641172,1.4542463966263053,24.656517171286737,5.928174544099419e-12,0.04354083115157359
-2.9158508054221706,0.7569981944357476,3.6008910545685886,0.024385699066435947,0.04661577112831573
2.9731322436244105,2.5477105659828014,1.217516329719711,0.0019149644340358204,0.04481235180703891
15.519157478251639,1.8956570727914033,17.873624202295247,0.0,0.006219982998274207
16.08099048078765,2.4993556708280282,29.36573290954532,0.0,0.006359234841910168
7.377934346307761,2.42072883564928,1.3981427313550912,1.0520181212784746e-6,0.03392947648516201
14.745079203845936,7.222023177533531,11.209187287977334,4.456218673753944e-18,0.00978244343928698
6.802005344230093,3.593195438308852,1.1191108355718442,3.222685212796399e-6,0.04675723011185147
-2.2084306777410627,1.9301910641218605,3.5054915466064216,0.024435338800378834,0.03951567585610488
-5.0076652034162645,9.476535444565929,35.77834829860754,8.912437347507887e-18,0.04081438155431044
13.51408863339323,0.04395868151133597,27.823346123032174,0.0,0.0042105474395739756
-5.0543927945407265,0.020466991203026863,28.698891176101977,1.3015518512021002e-11,0.04398279257165182
5.91238440060121,1.952615119829752,12.96192591321981,5.85997545706263e-7,0.0429800392875494
4.43104284108667,1.2872482735081152,13.08204182118575,7.147877218185734e-6,0.04608261216943396
0.012276065216195842,1.5879480882258739,15.835396274471595,8.88648946840525e-5,0.04627791658805152
10.00541638262966,12.908792462726309,33.181071904668784,0.0,0.00691257221659516
-13.803734878512586,6.30228252822272,20.187474186255447,3.774818276314728e-13,0.04308725641967931
10.53623881903319,7.476953881579991,18.919674153523854,2.4593870860432952e-14,0.0028000534218292055
-4.997287511533986,0.44705095144633455,13.234611990633782,0.000509987916751003,0.04769062868150034
6.366811834794595,1.2196193113909595,4.573294182098259,7.749627729350811e-6,0.04540116423374741
-4.6408702596751885,7.571380400722491,9.855379068391436,0.001789503401347203,0.04746702585792239
13.684851900039712,13.819350946080569,6.720321686970338,2.22810933687696e-16,0.005273280539744064
10.999670061171098,8.028906136304176,0.12511196399446733,2.6523467003280693e-11,0.005035684330560405
11.41953845817313,6.105518270962403,9.966322708826926,1.7305636094403832e-12,0.0028968411588998037
9.360279760983907,9.055995856099958,1.6813863909384756,2.4489053577402335e-9,0.02464469824764754
10.709530690568409,6.9585079611613345,24.893127783816468,1.336865602126183e-17,0.009530312835510642
-3.6776343080577982,1.5016034591896248,21.675593086482376,3.879267837996616e-7,0.03781962251982935
-1.447069578204832,1.1689845922984954,9.546775835190125,0.007177244471248669,0.044373023128346636
9.370634131525074,1.0665357319146722,3.2386444745013314,8.178647580266435e-9,0.033979274368342326
14.403943139164863,6.3943971942576505,38.82878609005113,0.0,0.005269213027653768
9.82296219116041,0.9539785237277327,11.142272924630932,1.984385581953675e-10,0.003577161040616112
-2.8044909780329608,1.5987108411318895,12.79079924307775,0.001444536791256354,0.04152093429393019
-7.682066415755916,4.553446006149132,3.462669040060109,0.0012981273953253296,0.044137181843944176
7.2148789494470735,1.3999519658284778,5.228358553772263,1.1613389809531835e-6,0.04563197066124183
2.9383566242414245,6.574117495191132,45.00792128185135,0.0,0.04550173772020608
-0.3789679180662415,1.6268211838919187,3.135008662034835,0.019472362314812697,0.04732219074792322
-17.586967032244807,2.744527077266026,3.9487611711015473,9.53586233994341e-14,0.0423427426060976
-0.5749764312588801,3.299797193260445,23.13397144108901,5.109711067589661e-8,0.04771997849883915
10.783032227250102,7.470118570316066,4.759654979575666,5.0022970724575456e-11,0.00650586861856536
-2.808099622057154,2.098090032720619,2.357251563104817,0.02490878549516868,0.03316517604292261
13.909230009108981,9.85407626579098,34.05608608646246,0.0,0.0070535336614565205
10.229962230402652,4.353396928665182,8.817506089825104,1.405530401255773e-10,0.004542040771448758
9.722930532821593,8.221215616369095,8.319055767005347,3.3257688362629886e-10,0.011281737400603273
13.321927455109622,3.753053723677162,5.637435788429801,1.8640362712304095e-14,0.0055153021136179784
-2.2217136530853434,2.779523804009573,4.928819779137033,0.020919195448301335,0.04521241896644393
12.576859537220383,3.845833821604779,7.127266012684385,1.6915806085498684e-13,0.009045939674191322
-11.957598042413075,3.576052367314851,25.801854315424638,4.4201233024916704e-14,0.04665526724827482
10.36502959816832,18.99225056643802,7.817232054440804,5.712783215297773e-13,0.004111259105783787
10.473873951777732,4.258680746962512,2.736104150884775,2.8566750919902517e-10,0.004038182121892834
-10.254445995652594,3.499486959328268,12.842713571445595,9.007647989468128e-7,0.043380988469103446
17.60035469202085,5.355154111640562,22.095647592819383,0.0,0.010921451148750793
10.507747314253601,9.906611740587335,10.573387800885872,7.920331557732456e-12,0.004182602335601094
-3.4603828957028737,11.559174200355153,17.904724824063724,3.0599972258089697e-6,0.04390859416717757
16.691902503480534,3.188029860406833,1.6136872559424742,0.0,0.003617413166246395
13.785830696317534,8.23090231204926,20.728379844594784,0.0,0.0026473789538925927
16.061940603906436,9.485957625284588,0.8144423207732405,0.0,0.006246618242925606
15.753400641468595,6.306266133733109,3.758053282410265,0.0,0.0026400000100267112
-3.5102194938297915,1.9098257847597742,11.180585661441782,0.0031045243355816684,0.03223310168890984
10.494843563263958,8.850018666453224,8.444446126992569,2.946940186489105e-11,0.004546001361213571
6.370042946631041,2.7083784495747425,16.208686046562626,1.978742811710484e-8,0.04726292388644978
-8.631667831980728,1.374078955326207,16.168416543580072,1.2472627160449164e-6,0.04306647680929549
9.63069193867681,1.8101146339870051,4.150368751251133,3.516950612804011e-9,0.03349008463055046
16.732741390742206,6.442057471374021,3.4600731606723176,0.0,0.005422499004026957
4.231972353220986,4.538184971352825,6.151857465801637,0.0001705589814370357,0.04289226481144357
11.048358633345744,3.4932306238684827,14.821945820906208,4.0125575425548884e-13,0.008880687229605898
4.905572919818988,1.9890324614544201,33.120053823259056,4.0105968063785465e-17,0.04590512577102623
9.812710697819156,10.114895699578824,18.317997052443545,1.711544468208117e-13,0.013491927883271249
-0.4622470611694971,3.1463831012075056,14.736480016286507,0.00023639145173102896,0.045036299466712226
-0.5699173394162722,3.136981581721276,2.041930388001731,0.019669415349043328,0.04694563768422025
-10.78874930731719,2.193609158939339,35.487628473369796,0.0,0.034055124833375736
10.46600612078662,10.87638780546336,16.77696006914819,8.529202541546925e-14,0.0032285213920869504
9.549161189427688,1.0325276607653835,3.213396713284046,5.064546392152831e-9,0.03271502960750001
11.62890268139883,8.170353904609074,26.402330569882114,0.0,0.0026929849452453133
0.16556279083173697,8.917820991297656,29.284808386160883,1.777376186604077e-12,0.03720724082056388
-5.281750929052061,1.1340458691157125,28.938725075172883,7.474945870117603e-12,0.044110436734660766
12.353744867504236,1.3637300683801117,10.739455899330128,9.98727729159249e-14,0.01102238477298768
9.412830060860582,17.928769054809784,32.235046817911595,0.0,0.010245749095969953
5.715813436068498,9.564139349764263,34.974692493368785,0.0,0.03962845429961631
-1.565524237889927,1.5654583909447188,4.275623703451302,0.022592341569185825,0.04268654032240616
7.596171207723764,3.4312388573313184,8.09002628026204,1.870204918860382e-7,0.04322609732598591
11.405684885958328,5.49384153599765,9.096080241723334,3.00288534014587e-12,0.009205544186729567
12.958580438520325,2.0232141985358996,34.500445817913146,0.0,0.012966280637688291
10.043635553982034,2.837696137527724,3.8138110922363846,1.067282908591688e-9,0.0026393321229364543
-6.977543560201148,6.199901452170553,4.093375227633484,0.0020611509089816455,0.03746545382747721
17.026012094915185,0.14899387394417474,7.090026915847737,0.0,0.006898347890639771
1.7923708636866222,3.3450016602529713,23.687391935245763,5.164060726041268e-9,0.04582996744699115
0.918421045573516,3.277068877493456,6.425594175925589,0.006470976030477025,0.04501085215583395
0.08716139465876122,3.2506370351280114,12.08400382515596,0.0010733274107595655,0.042826143519512166
13.843906709410255,2.11080099631966,7.164894015668143,2.1657222754443003e-15,0.006534363508652516
-3.4466876540179983,1.8918677792738325,7.387516363818355,0.012883615038744708,0.041856365527374435
11.26915549006083,0.8034139346627116,14.259567504970452,3.789211862630682e-13,0.013145381720770165
15.482286692351806,4.685468100037448,6.499704045135509,4.456218673753944e-18,0.003838300908303665
10.397141556679994,7.762657137381515,14.999477958656355,1.1428106475076822e-12,0.006229591461548844
2.4914266203210866,7.885430531327925,7.858775988538173,0.0005128262157944734,0.04179197086415906
-3.6521077210246626,0.02034047976830511,9.169573635185655,0.0075531056634876425,0.04702432093812457
18.89669975891702,3.4567537821834122,11.114381792214857,0.0,0.00394733849928406
14.320473716442326,1.1120224912772212,11.502628932302672,5.79308427588012e-17,0.0027773911108636986
12.614515993232443,3.561917424573488,24.930889302140628,0.0,0.004272870320921461
-0.8246748658947376,4.169775144596263,23.7357473516352,2.3525035634790355e-8,0.04564833072452945
18.23342273106027,9.376561192004223,7.481053226312434,0.0,0.008932968604246501
15.321091340708513,8.510633931015022,11.366118586529062,0.0,0.005911663113793687
-4.903170952107841,9.697607206300452,3.019278427456019,0.005195959361150031,0.04239169018330882
9.79396645423338,14.138807332635409,3.4897651877587936,1.0659513447009874e-10,0.008643228377538718
9.691876002972357,12.962671521422916,24.610319191722645,5.79308427588012e-17,0.008991172346650615
2.5807186168415415,3.052176845426025,31.75137762929254,1.0463201445971535e-14,0.040260258425401735
17.519359271621646,7.327350067245538,1.2724639357854992,0.0,0.002780805496337327
11.25982951405853,2.4006403698899064,24.511994985718275,8.912437347507887e-18,0.008860560097978495
-3.3209610592802266,2.083130555663973,8.009870543667272,0.011124476070056065,0.03584400756248058
-24.733543267035007,4.756140774980312,1.6464843863798402,0.0,0.0447230840008121
12.389315084374195,7.673088653093145,38.76884495770532,0.0,0.004050524334861394
15.641577220840965,1.6897970202104393,22.30425242062387,0.0,0.0025403130681608053
11.170394111985157,10.228549663883186,10.169129960745996,1.1788079819521844e-12,0.002837804594195539
-0.22770908313600804,2.0006133585589394,25.60412374909536,1.8292341449548217e-9,0.04147219938131445
16.692614814035764,0.0700968205814636,3.9933913403924697,0.0,0.002822158380186405
3.440768397648382,2.8692065572196825,2.7137460637969157,0.0010436366089799946,0.03667307836564385
1.7171622123550652,5.87373404760949,15.35118104508419,2.322538634047765e-5,0.04105047626693237
21.992352778571522,6.2197819574655115,8.966764388161259,0.0,0.0026274002476173734
9.36954744517164,2.9357645987880217,2.6031659853703024,7.490294257615258e-9,0.01608612819625056
-2.922912267686133,2.5230272655239516,13.42534079373519,0.0008920244880007023,0.039796773675910564
15.107183096249752,3.6698076841801694,13.488141893675783,0.0,0.0029580412767926
14.944968041138546,4.058114489332504,27.493298783563365,0.0,0.0029564710676370674
17.16073410414813,6.299470683865201,1.44376708017785,0.0,0.0028336331181892057
9.850112521778033,2.277182810464799,3.4790062546890046,2.001647956192557e-9,0.003924531649318811
13.257273966323366,4.937889106016524,12.17937199863107,1.3056720714098632e-15,0.0027443615610651165
17.768475676036388,3.981382394744602,8.598659283771564,0.0,0.004684909530135566
-11.016530485384862,4.918725933107158,13.77923758618117,9.358648540409922e-8,0.04639555273103309
8.658468377617744,2.3689952562840952,16.89179420258414,6.44251575017752e-11,0.04688185802140414
12.854277573748444,0.5206818101177633,30.639841690358267,0.0,0.0029624254066272495
17.814105419166008,15.16730403681813,5.251299546391887,0.0,0.01050417327059896
11.592458546242566,10.553356928064154,9.138104699454294,4.5041675866329924e-13,0.006205592496064756
11.241867153474644,6.397685634345773,15.804280480586627,6.357687181834682e-14,0.002762744246809372
1.247414134391894,3.296224239135028,40.551715489836965,0.0,0.04743961353669485
12.194395832432456,8.374121143762427,17.085049493264165,6.14958176978035e-16,0.0037535874044426053
10.009283183379683,3.6404563247200032,17.201851742123964,1.1570750034815512e-12,0.0068475335520404084
13.931440451851707,8.263566643906739,4.275651544550669,1.073948700374672e-15,0.002920163568371497
9.346556815832129,3.0483601013141874,0.5374508494715364,7.600254687369452e-9,0.02064685847940762
-0.7334828792574195,1.641871893141502,12.168189153647585,0.0016497696567192382,0.043095294958808726
-1.4975696356228507,2.232467357266009,11.207248697068977,0.003282689399915385,0.043565500764346475
12.575058126808168,6.546645601524242,22.328217487751992,0.0,0.005857937469331311
10.19353507493057,2.585848649829195,9.555613115412942,1.3873725134656148e-10,0.0029345737049133766
6.276153807388306,2.786477018886439,1.2549475605950253,1.0249721384719795e-5,0.04009914796744092
4.907857225635071,2.8680223651048222,2.0188745686609284,0.00012278224757520824,0.04028351532925737
-2.8145406895055975,1.87840393796683,5.889079913639863,0.018807916204097417,0.04460536657133837
-1.9759190763456067,2.952825686673007,7.41227889683198,0.01339730077575395,0.0395127105342089
1.8380504288578239,1.2178888735426385,26.055038906832564,2.3129096497962808e-10,0.0413922373324023
-2.754163301946866,1.5162322819970313,2.8173447936173934,0.025172180144739837,0.0454149466317247
-3.289072215165105,9.044643975718653,10.113437429043595,0.0018212134042581024,0.04741957141282323
9.304995058795312,3.0365152969863307,15.385558536369798,4.0376300072794146e-11,0.03498772804404152
0.49380679039873776,3.3112971705581056,10.31206908076949,0.002166207278543051,0.046773362091559634
-2.4415024960093796,0.9741575805809375,0.8251608527520871,0.025725583634544923,0.03812640705987301
1.550491411342014,1.786520008915893,1.6358811459876519,0.007786177110923479,0.04431620344851761
-5.908647450407301,4.266499288540411,19.397009274686393,1.052032971040372e-6,0.04248666237792757
-2.6323418049628113,6.424140164437128,18.840719930521246,5.757327730714404e-6,0.04666689804035605
-7.333666446245553,14.457487833518321,23.030172904951375,2.2075778319422954e-10,0.042084752909577736
11.14134197982875,3.712058664894821,22.30352600220821,1.8270496562391091e-16,0.010149513130138114
10.511550356620674,5.143140778869581,16.683210818187533,3.4753603814438726e-13,0.008331953889964015
-4.798203379785823,0.6504806216220171,4.898792379697806,0.013971196737686747,0.044305225457010176
13.631684952666214,3.7243394994914327,2.84043996877789,8.988193064959695e-15,0.007714196142085506
-2.631190427846733,1.9647362573959366,11.352882110129027,0.0032733490719427786,0.037889701738133746
9.325245838234043,2.3229749182082493,2.0419267814790807,9.03790113847975e-9,0.02436699578974853
11.141259644086247,10.992068182466195,9.278033856432067,1.5104264069747136e-12,0.004674056366245871
12.413373164215006,1.516065741059669,27.647376169715976,0.0,0.003394347504736397
10.179674177292496,4.4039343754238445,8.33504075962933,1.9530254335288183e-10,0.002686514070783689
4.008139975525188,2.912977452665768,2.8914410775017423,0.000475753029542893,0.04041284775468473
11.440248390929693,1.3316158522676091,31.013410532510406,0.0,0.004605959623895549
1.9224044221312275,1.1962163423774945,27.485889613125103,2.5971007293924583e-11,0.04049347053489755
-4.289383011614053,1.008862229157474,12.238539452752795,0.0013694077953050406,0.04175890704610761
13.122158469546115,1.8633519554394535,20.66643550827317,0.0,0.004060463120333886
0.6364134374764301,2.6995275440758064,26.026057454804384,5.812620254369989e-10,0.04466135859402007
9.930822395576032,10.334916061734898,0.3118609653751616,3.2187026586605985e-10,0.004007330421073014
14.498108252014559,9.647312413776021,26.96415391968103,0.0,0.0030519444556636856
11.798458857024993,3.8318484780170987,28.281068337871524,0.0,0.00339503069946911
10.858708597688114,5.7115312641791816,46.96351206939313,0.0,0.0035484022722024975
-3.7843430472250144,1.8308517970556548,35.187167040827475,2.22810933687696e-16,0.036329597669054955
10.653516655571968,6.403075455626249,10.616996797046152,1.2389455438504225e-11,0.0029816547891091906
15.73635528313417,0.05394618964786124,30.12474566693566,0.0,0.007133583389400278
8.772045905061479,2.5163817469507634,17.774449990814798,2.1298635282684073e-11,0.04570407035192512
-4.435207356247825,2.7447182204704683,0.6738099690796893,0.01742791473624119,0.04286572169317039
9.346305397159654,11.564892253980462,21.92811059288469,7.548834433337762e-15,0.015563888057568632
-1.292523736032734,2.679427116598437,8.545004195755943,0.009196178052894237,0.041922207287478974
3.259059579262674,2.3304358019085516,5.866506936159167,0.0008823467148697588,0.04642691943669543
9.48111627815055,6.944903796961562,27.879732818780504,4.456218673753944e-18,0.012766883721605187
-4.089462705490652,4.335128641117905,1.394045928231145,0.017708238914984055,0.04392221715804982
